{
    "openx_bimanual": {
        "action_success_rate": 0.0,
        "total_dataset_amse": 94.83063892705964,
        "total_dataset_amae": 50.27243599248251,
        "num_timesteps": 126,
        "avg_dataset_amse": 0.7526241184687273,
        "avg_dataset_amae": 0.3989875872419248,
        "normalized_amse": 0.10993040755282746,
        "normalized_amae": 0.2765467389609741,
        "normalized_quantile_filtered_amae": 0.31564431897783557,
        "max_relative_mae": 2.7785073479881066,
        "proportion_beyond_threshold_mae": 0.0,
        "eval_time": 79.47946853699978,
        "total_invalid_preds": 0,
        "invalid_predictions_percentage": 0.0,
        "total_batches": 3,
        "total_timesteps": 126
    },
    "openx_quadrupedal": {
        "action_success_rate": 0.0,
        "total_dataset_amse": 3254.6474673561756,
        "total_dataset_amae": 1675.5297277546067,
        "num_timesteps": 2268,
        "avg_dataset_amse": 1.4350297475115412,
        "avg_dataset_amae": 0.738769721232189,
        "normalized_amse": 0.10468293493286197,
        "normalized_amae": 0.22560930745826777,
        "normalized_quantile_filtered_amae": 0.21637369573258283,
        "max_relative_mae": 4.176506112934617,
        "proportion_beyond_threshold_mae": 0.02204585537918871,
        "eval_time": 803.8054558329995,
        "total_invalid_preds": 0,
        "invalid_predictions_percentage": 0.0,
        "total_batches": 46,
        "total_timesteps": 2268
    },
    "openx_mobile_manipulation": {
        "action_success_rate": 0.0,
        "total_dataset_amse": 1092.1702297692284,
        "total_dataset_amae": 2067.453970334331,
        "num_timesteps": 17808,
        "avg_dataset_amse": 0.06133031389090456,
        "avg_dataset_amae": 0.11609692106549414,
        "normalized_amse": 0.0765818128096667,
        "normalized_amae": 0.23444572496934804,
        "normalized_quantile_filtered_amae": 0.2649717828434282,
        "max_relative_mae": 4.507521878506185,
        "proportion_beyond_threshold_mae": 0.01061320754716981,
        "eval_time": 6256.778383598001,
        "total_invalid_preds": 0,
        "invalid_predictions_percentage": 0.0,
        "total_batches": 357,
        "total_timesteps": 17808
    },
    "openx_single_arm": {
        "action_success_rate": 0.0,
        "total_dataset_amse": 148.82871579362094,
        "total_dataset_amae": 563.5390041720452,
        "num_timesteps": 13537,
        "avg_dataset_amse": 0.010994217019547975,
        "avg_dataset_amae": 0.04162953417832967,
        "normalized_amse": 0.023411416436445613,
        "normalized_amae": 0.10403821704560921,
        "normalized_quantile_filtered_amae": 0.15066076425034441,
        "max_relative_mae": 13.664840104608468,
        "proportion_beyond_threshold_mae": 0.12890596143901897,
        "eval_time": 4709.120005615001,
        "total_invalid_preds": 0,
        "invalid_predictions_percentage": 0.0,
        "total_batches": 271,
        "total_timesteps": 13537
    }
}