{
    "openx_bimanual": {
        "action_success_rate": 0.0,
        "total_dataset_amse": 94.83063892705964,
        "total_dataset_amae": 50.27243599248251,
        "num_timesteps": 126,
        "avg_dataset_amse": 0.7526241184687273,
        "avg_dataset_amae": 0.3989875872419248,
        "normalized_amse": 0.10993040755282746,
        "normalized_amae": 0.2765467389609741,
        "normalized_quantile_filtered_amae": 0.31564431897783557,
        "max_relative_mae": 2.7785073479881066,
        "proportion_beyond_threshold_mae": 0.0,
        "eval_time": 79.47946853699978,
        "total_invalid_preds": 0,
        "invalid_predictions_percentage": 0.0,
        "total_batches": 3,
        "total_timesteps": 126
    },
    "openx_quadrupedal": {
        "action_success_rate": 0.0,
        "total_dataset_amse": 3254.6474673561756,
        "total_dataset_amae": 1675.5297277546067,
        "num_timesteps": 2268,
        "avg_dataset_amse": 1.4350297475115412,
        "avg_dataset_amae": 0.738769721232189,
        "normalized_amse": 0.10468293493286197,
        "normalized_amae": 0.22560930745826777,
        "normalized_quantile_filtered_amae": 0.21637369573258283,
        "max_relative_mae": 4.176506112934617,
        "proportion_beyond_threshold_mae": 0.02204585537918871,
        "eval_time": 803.8054558329995,
        "total_invalid_preds": 0,
        "invalid_predictions_percentage": 0.0,
        "total_batches": 46,
        "total_timesteps": 2268
    },
    "openx_mobile_manipulation": {
        "action_success_rate": 0.0,
        "total_dataset_amse": 965.4414856939693,
        "total_dataset_amae": 2568.2142450032243,
        "num_timesteps": 17808,
        "avg_dataset_amse": 0.054213919906444814,
        "avg_dataset_amae": 0.1442168825810434,
        "normalized_amse": 0.07530897296135397,
        "normalized_amae": 0.22231980704030996,
        "normalized_quantile_filtered_amae": 0.25978024250408294,
        "max_relative_mae": 4.678275684663149,
        "proportion_beyond_threshold_mae": 0.005390835579514825,
        "eval_time": 24648.463612677,
        "total_invalid_preds": 0,
        "invalid_predictions_percentage": 0.0,
        "total_batches": 1781,
        "total_timesteps": 17808
    },
    "openx_single_arm": {
        "action_success_rate": 0.0,
        "total_dataset_amse": 413.16770271520295,
        "total_dataset_amae": 829.42773671632,
        "num_timesteps": 13537,
        "avg_dataset_amse": 0.030521363870518056,
        "avg_dataset_amae": 0.06127116323530457,
        "normalized_amse": 0.0593058139389686,
        "normalized_amae": 0.17844038132045512,
        "normalized_quantile_filtered_amae": 0.1883944297546671,
        "max_relative_mae": 8.85638154106524,
        "proportion_beyond_threshold_mae": 0.18120706212602497,
        "eval_time": 19334.07127293,
        "total_invalid_preds": 0,
        "invalid_predictions_percentage": 0.0,
        "total_batches": 1354,
        "total_timesteps": 13537
    },
    "openx_wheeled_robot": {
        "action_success_rate": 0.0,
        "total_dataset_amse": 2486.0949521195034,
        "total_dataset_amae": 5692.938266892169,
        "num_timesteps": 24507,
        "avg_dataset_amse": 0.10144427927202446,
        "avg_dataset_amae": 0.2322984562325915,
        "normalized_amse": 0.2227081918606071,
        "normalized_amae": 0.38242184032482357,
        "normalized_quantile_filtered_amae": 0.42406548441132513,
        "max_relative_mae": 2.623408816294635,
        "proportion_beyond_threshold_mae": 0.0,
        "eval_time": 8423.766104672999,
        "total_invalid_preds": 0,
        "invalid_predictions_percentage": 0.0,
        "total_batches": 491,
        "total_timesteps": 24507
    }
}