{
    "eth_agent_affordances": {
        "mse_list": [
            839.7108371301508,
            180.2452820896654,
            961.6868689026778,
            811.6912652844405,
            687.7166152770797,
            216.02381685077575,
            779.9341937992999,
            85.6846695547843,
            748.1924249027162,
            228.66166647207478,
            875.433010858648,
            180.70479507788806,
            246.2626007009913,
            101.16443022557087,
            522.9398068699836,
            313.4462247893803,
            1833.2354740521362,
            722.8980593020814,
            612.3922538175726,
            232.47088571014868,
            89.06034493288485,
            806.3829581584463,
            290.08229252611443,
            415.1334307115793,
            78.97392220069806,
            381.7407577149362,
            331.75665293097524,
            82.57315347225521
        ],
        "avg_dataset_mse": 0.4445377179139308,
        "num_timesteps": 30720,
        "total_dataset_mse": 13656.198694315955
    }
}