{
    "viola": {
        "mse_list": [
            178.61701509005832,
            105.662928799866,
            149.9619690748794,
            202.78940405481046,
            214.9347852681106,
            81.07124752671291,
            265.5659994438262,
            79.2839530100837,
            235.7369510855944,
            178.95854381138292,
            236.17990920466448,
            107.38248762860434,
            107.86041801718379,
            180.83915619484904,
            150.7000870143513,
            73.19661530211236
        ],
        "avg_dataset_mse": 0.34391330057038055,
        "num_timesteps": 7411,
        "total_dataset_mse": 2548.7414705270903
    }
}