{
    "utokyo_xarm_bimanual_converted_externally_to_rlds": {
        "mse_list": [
            1.1010785098181026,
            4.050686047267427,
            5.724151895037991,
            1.0000000000000016,
            1.142857142857147,
            1.1428571428571443,
            8.146700786082233
        ],
        "avg_dataset_mse": 0.17705025018984163,
        "num_timesteps": 126,
        "total_dataset_mse": 22.308331523920046
    }
}