{
    "imperialcollege_sawyer_wrist_cam": {
        "mse_list": [
            0.5093877038703591,
            1.1413724650372157,
            3.404846986401924,
            1.2611618128700437,
            5.517987244896076,
            2.9113310363532294,
            2.397278807049545,
            2.523399989811929,
            3.012814121270532,
            6.01793729958253,
            2.633388920510936,
            3.0117316248713806,
            4.527829389584426,
            3.6366168743637575,
            2.2597869214978252,
            2.1345373069885056,
            2.883015012116603,
            1.264186703432566,
            1.6356071518390816,
            1.7612424827641586,
            3.374230036887133,
            2.647874006735687,
            1.635477361423435,
            2.8822025790631605,
            2.3950870691579684,
            2.5343418731625063,
            2.144945293284534,
            3.6446263087755213,
            2.629072434490831,
            1.8852407955316655,
            7.0456779867762656,
            2.392946904596168,
            2.907425961072823,
            3.7608527188337075,
            2.2614312356672315,
            2.1402943389716054,
            1.899878672049629,
            2.7664499482169136,
            2.5176658477089773,
            1.2585148699354565
        ],
        "avg_dataset_mse": 0.07107402089677985,
        "num_timesteps": 1536,
        "total_dataset_mse": 109.16969609745385
    }
}