{
    "utokyo_xarm_pick_and_place_converted_externally_to_rlds": {
        "mse_list": [
            44.19185625831313,
            31.175888718090327,
            75.27487838690432,
            28.42538991807975,
            28.4992224756136,
            17.66107407102457,
            25.414512019697337,
            26.4358208418812,
            48.77766925013052,
            48.01805907390282,
            1.1842150862965117
        ],
        "avg_dataset_mse": 0.5350336463622455,
        "num_timesteps": 701,
        "total_dataset_mse": 375.0585860999341
    }
}