{
    "ChessPieces": {
        "exact_match_rate": 0.9893617021276596,
        "exact_match_rate_without_invalids": 0.9893617021276596,
        "recall": 0.9893617021276596,
        "precision": 0.9893617021276596,
        "precision_without_invalids": 0.9893617021276596,
        "f1": 0.9893617021276596,
        "f1_without_invalids": 0.9893617021276596,
        "macro_precision": 0.9050542406311638,
        "macro_recall": 0.9127572427572428,
        "macro_f1": 0.9086756461804367,
        "class_precisions": {
            "0": 0.0,
            "1": 1.0,
            "2": 1.0,
            "3": 1.0,
            "4": 1.0,
            "5": 1.0,
            "6": 1.0,
            "7": 0.9615384615384616,
            "8": 0.9375,
            "9": 1.0,
            "10": 1.0,
            "11": 0.8666666666666667,
            "12": 1.0
        },
        "class_recalls": {
            "0": 0.0,
            "1": 1.0,
            "2": 1.0,
            "3": 1.0,
            "4": 1.0,
            "5": 1.0,
            "6": 1.0,
            "7": 1.0,
            "8": 1.0,
            "9": 0.96,
            "10": 0.9772727272727273,
            "11": 0.9285714285714286,
            "12": 1.0
        },
        "class_f1s": {
            "0": 0.0,
            "1": 1.0,
            "2": 1.0,
            "3": 1.0,
            "4": 1.0,
            "5": 1.0,
            "6": 1.0,
            "7": 0.9803921568627451,
            "8": 0.967741935483871,
            "9": 0.9795918367346939,
            "10": 0.9885057471264368,
            "11": 0.896551724137931,
            "12": 1.0
        },
        "total_invalids": 0,
        "percentage_invalids": 0.0,
        "preds": [
            12,
            7,
            9,
            11,
            8,
            6,
            3,
            10,
            10,
            10,
            2,
            4,
            4,
            4,
            7,
            7,
            11,
            7,
            9,
            9,
            12,
            8,
            10,
            10,
            10,
            10,
            10,
            10,
            1,
            1,
            3,
            3,
            2,
            6,
            6,
            5,
            4,
            4,
            4,
            4,
            4,
            4,
            5,
            5,
            2,
            6,
            4,
            8,
            10,
            10,
            5,
            2,
            1,
            1,
            3,
            3,
            6,
            6,
            4,
            4,
            4,
            4,
            4,
            4,
            4,
            4,
            11,
            8,
            7,
            9,
            9,
            12,
            12,
            10,
            10,
            10,
            10,
            10,
            10,
            10,
            10,
            9,
            9,
            9,
            12,
            8,
            7,
            7,
            11,
            10,
            10,
            10,
            10,
            10,
            10,
            1,
            1,
            3,
            3,
            5,
            2,
            6,
            6,
            4,
            4,
            4,
            4,
            4,
            4,
            1,
            10,
            5,
            2,
            1,
            6,
            6,
            3,
            3,
            4,
            4,
            4,
            4,
            4,
            4,
            4,
            4,
            11,
            8,
            7,
            7,
            12,
            12,
            9,
            9,
            10,
            10,
            10,
            10,
            10,
            10,
            10,
            12,
            9,
            8,
            11,
            9,
            7,
            7,
            10,
            10,
            10,
            10,
            10,
            10,
            1,
            3,
            3,
            1,
            5,
            2,
            6,
            6,
            4,
            4,
            4,
            4,
            4,
            4,
            6,
            10,
            2,
            4,
            6,
            6,
            3,
            3,
            5,
            4,
            4,
            4,
            4,
            4,
            1,
            1,
            9,
            8,
            12,
            11,
            9,
            7,
            7,
            10,
            10,
            10,
            10,
            10,
            10,
            2,
            11,
            8,
            9,
            9,
            12,
            12,
            7,
            7,
            1,
            11,
            10,
            10,
            10,
            10,
            10,
            10,
            10,
            3,
            3,
            6,
            2,
            6,
            1,
            5,
            4,
            4,
            4,
            4,
            4,
            4,
            4,
            7,
            9,
            11,
            12,
            8,
            10,
            10,
            10,
            6,
            3,
            1,
            2,
            4,
            4,
            4,
            10,
            3,
            12,
            5,
            2,
            1,
            6,
            6,
            3,
            3,
            4,
            4,
            4,
            4,
            4,
            4,
            4,
            4,
            11,
            8,
            9,
            9,
            7,
            7,
            10,
            10,
            10,
            10,
            10,
            10,
            10,
            10,
            11,
            7,
            12,
            7,
            8,
            10,
            10,
            10,
            10,
            2,
            9,
            3,
            3,
            1,
            6,
            6,
            4,
            4,
            4,
            4,
            4,
            8,
            2,
            5,
            6,
            12,
            3,
            12,
            10,
            4,
            10,
            10,
            4,
            10,
            4,
            9,
            8,
            9,
            7,
            12,
            12,
            7,
            10,
            10,
            11,
            10,
            11,
            10,
            10,
            10,
            10,
            2,
            3,
            6,
            6,
            1,
            1,
            4,
            4,
            4,
            4,
            4,
            4,
            5,
            3,
            4,
            4,
            2,
            8,
            10,
            7,
            1,
            1,
            4,
            4,
            9,
            7,
            7,
            7,
            11,
            8,
            12,
            12,
            9,
            10,
            10,
            10,
            10,
            10,
            3,
            6,
            2,
            5,
            4,
            4,
            4,
            4,
            4,
            4,
            5
        ],