{
    "AmericanSignLanguageLetters": {
        "exact_match_rate": 0.5694444444444444,
        "exact_match_rate_without_invalids": 0.5694444444444444,
        "recall": 0.5694444444444444,
        "precision": 0.5694444444444444,
        "precision_without_invalids": 0.5694444444444444,
        "f1": 0.5694444444444444,
        "f1_without_invalids": 0.5694444444444444,
        "macro_precision": 0.4698083967314737,
        "macro_recall": 0.5192307692307693,
        "macro_f1": 0.48340132090132093,
        "class_precisions": {
            "0": 0.0,
            "1": 1.0,
            "2": 0.8,
            "3": 1.0,
            "4": 0.0,
            "5": 1.0,
            "6": 0.6666666666666666,
            "7": 0.6,
            "8": 0.6666666666666666,
            "9": 0.0,
            "10": 0.0,
            "11": 0.0,
            "12": 0.0,
            "13": 0.0,
            "14": 1.0,
            "15": 0.0,
            "16": 0.0,
            "17": 0.5,
            "18": 0.07692307692307693,
            "19": 0.3333333333333333,
            "20": 1.0,
            "21": 0.5714285714285714,
            "22": 1.0,
            "23": 1.0,
            "24": 1.0,
            "25": 0.0
        },
        "class_recalls": {
            "0": 0.0,
            "1": 1.0,
            "2": 1.0,
            "3": 1.0,
            "4": 0.0,
            "5": 1.0,
            "6": 0.8,
            "7": 1.0,
            "8": 1.0,
            "9": 0.0,
            "10": 0.0,
            "11": 0.0,
            "12": 0.0,
            "13": 0.0,
            "14": 0.6666666666666666,
            "15": 0.0,
            "16": 0.0,
            "17": 0.5,
            "18": 0.3333333333333333,
            "19": 0.2,
            "20": 1.0,
            "21": 1.0,
            "22": 1.0,
            "23": 1.0,
            "24": 1.0,
            "25": 0.0
        },
        "class_f1s": {
            "0": 0.0,
            "1": 1.0,
            "2": 0.888888888888889,
            "3": 1.0,
            "4": 0.0,
            "5": 1.0,
            "6": 0.7272727272727272,
            "7": 0.7499999999999999,
            "8": 0.8,
            "9": 0.0,
            "10": 0.0,
            "11": 0.0,
            "12": 0.0,
            "13": 0.0,
            "14": 0.8,
            "15": 0.0,
            "16": 0.0,
            "17": 0.5,
            "18": 0.125,
            "19": 0.25,
            "20": 1.0,
            "21": 0.7272727272727273,
            "22": 1.0,
            "23": 1.0,
            "24": 1.0,
            "25": 0.0
        },
        "total_invalids": 0,
        "percentage_invalids": 0.0,
        "preds": [
            6,
            18,
            0,
            19,
            21,
            1,
            18,
            6,
            21,
            16,
            7,
            23,
            22,
            23,
            20,
            21,
            18,
            18,
            18,
            0,
            17,
            13,
            23,
            14,
            7,
            22,
            2,
            20,
            17,
            5,
            22,
            7,
            1,
            6,
            8,
            18,
            14,
            24,
            19,
            15,
            3,
            8,
            2,
            24,
            18,
            18,
            18,
            21,
            18,
            22,
            22,
            6,
            2,
            5,
            2,
            21,
            7,
            8,
            0,
            2,
            6,
            25,
            6,
            1,
            23,
            18,
            19,
            18,
            21,
            21,
            7,
            18
        ],
        "gt_actions": [
            6,
            19,
            25,
            18,
            21,
            1,
            18,
            16,
            10,
            9,
            17,
            23,
            22,
            23,
            20,
            21,
            19,
            25,
            25,
            13,
            17,
            18,
            23,
            14,
            7,
            22,
            2,
            20,
            10,
            5,
            22,
            15,
            1,
            9,
            8,
            19,
            14,
            24,
            19,
            16,
            3,
            8,
            14,
            24,
            12,
            13,
            13,
            21,
            19,
            22,
            22,
            6,
            2,
            5,
            2,
            10,
            7,
            9,
            9,
            2,
            6,
            6,
            6,
            1,
            23,
            0,
            12,
            12,
            21,
            10,
            7,
            25
        ],
        "eval_time": 1.4892511367797852,
        "total_invalid_preds": 0,
        "all_outs": [
            "6",
            "18",
            "0",
            "19",
            "21",
            "1",
            "18",
            "6",
            "21",
            "16",
            "7",
            "23",
            "22",
            "23",
            "20",
            "21",
            "18",
            "18",
            "18",
            "0",
            "17",
            "13",
            "23",
            "14",
            "7",
            "22",
            "2",
            "20",
            "17",
            "5",
            "22",
            "7",
            "1",
            "6",
            "8",
            "18",
            "14",
            "24",
            "19",
            "15",
            "3",
            "8",
            "2",
            "24",
            "18",
            "18",
            "18",
            "21",
            "18",
            "22",
            "22",
            "6",
            "2",
            "5",
            "2",
            "21",
            "7",
            "8",
            "0",
            "2",
            "6",
            "25",
            "6",
            "1",
            "23",
            "18",
            "19",
            "18",
            "21",
            "21",
            "7",
            "18"
        ]
    }
}