{
    "ShellfishOpenImages": {
        "exact_match_rate": 0.9655172413793104,
        "exact_match_rate_without_invalids": 0.9655172413793104,
        "recall": 0.9655172413793104,
        "precision": 0.9655172413793104,
        "precision_without_invalids": 0.9655172413793104,
        "f1": 0.9655172413793104,
        "f1_without_invalids": 0.9655172413793104,
        "macro_precision": 0.9517092103299,
        "macro_recall": 0.9626914304333659,
        "macro_f1": 0.956060606060606,
        "class_precisions": {
            "0": 0.9047619047619048,
            "1": 0.9655172413793104,
            "2": 0.9848484848484849
        },
        "class_recalls": {
            "0": 1.0,
            "1": 0.9032258064516129,
            "2": 0.9848484848484849
        },
        "class_f1s": {
            "0": 0.9500000000000001,
            "1": 0.9333333333333333,
            "2": 0.9848484848484849
        },
        "total_invalids": 0,
        "percentage_invalids": 0.0,
        "preds": [
            1,
            0,
            0,
            0,
            2,
            2,
            2,
            1,
            1,
            1,
            1,
            1,
            1,
            0,
            1,
            2,
            2,
            2,
            2,
            0,
            2,
            2,
            2,
            2,
            2,
            2,
            2,
            2,
            0,
            1,
            1,
            1,
            0,
            0,
            2,
            2,
            2,
            0,
            2,
            2,
            2,
            2,
            2,
            0,
            0,
            2,
            1,
            2,
            2,
            0,
            0,
            2,
            2,
            2,
            2,
            2,
            1,
            1,
            0,
            1,
            2,
            2,
            2,
            0,
            0,
            1,
            1,
            1,
            2,
            2,
            0,
            2,
            2,
            2,
            2,
            2,
            2,
            2,
            2,
            2,
            2,
            1,
            2,
            2,
            2,
            1,
            0,
            2,
            2,
            2,
            2,
            2,
            1,
            1,
            0,
            1,
            0,
            1,
            2,
            2,
            2,
            2,
            2,
            2,
            2,
            2,
            2,
            2,
            2,
            0,
            1,
            1,
            1,
            1,
            1,
            2
        ],
        "gt_actions": [
            1,
            0,
            0,
            0,
            2,
            2,
            1,
            1,
            1,
            1,
            1,
            1,
            1,
            0,
            1,
            2,
            2,
            2,
            2,
            0,
            2,
            2,
            2,
            2,
            2,
            2,
            2,
            2,
            0,
            1,
            1,
            1,
            0,
            0,
            2,
            2,
            2,
            0,
            2,
            2,
            2,
            2,
            2,
            0,
            0,
            2,
            1,
            2,
            2,
            0,
            1,
            2,
            2,
            2,
            2,
            2,
            1,
            1,
            0,
            1,
            2,
            2,
            2,
            0,
            0,
            1,
            1,
            1,
            2,
            2,
            0,
            2,
            2,
            2,
            2,
            2,
            2,
            2,
            2,
            2,
            2,
            2,
            2,
            2,
            2,
            1,
            0,
            2,
            2,
            2,
            2,
            2,
            1,
            1,
            1,
            1,
            0,
            1,
            2,
            2,
            2,
            2,
            2,
            2,
            2,
            2,
            2,
            2,
            2,
            0,
            1,
            1,
            1,
            1,
            1,
            2
        ],
        "eval_time": 1.6570801734924316,
        "total_invalid_preds": 0,
        "all_outs": [
            "1",
            "0",
            "0",
            "0",
            "2",
            "2",
            "2",
            "1",
            "1",
            "1",
            "1",
            "1",
            "1",
            "0",
            "1",
            "2",
            "2",
            "2",
            "2",
            "0",
            "2",
            "2",
            "2",
            "2",
            "2",
            "2",
            "2",
            "2",
            "0",
            "1",
            "1",
            "1",
            "0",
            "0",
            "2",
            "2",
            "2",
            "0",
            "2",
            "2",
            "2",
            "2",
            "2",
            "0",
            "0",
            "2",
            "1",
            "2",
            "2",
            "0",
            "0",
            "2",
            "2",
            "2",
            "2",
            "2",
            "1",
            "1",
            "0",
            "1",
            "2",
            "2",
            "2",
            "0",
            "0",
            "1",
            "1",
            "1",
            "2",
            "2",
            "0",
            "2",
            "2",
            "2",
            "2",
            "2",
            "2",
            "2",
            "2",
            "2",
            "2",
            "1",
            "2",
            "2",
            "2",
            "1",
            "0",
            "2",
            "2",
            "2",
            "2",
            "2",
            "1",
            "1",
            "0",
            "1",
            "0",
            "1",
            "2",
            "2",
            "2",
            "2",
            "2",
            "2",
            "2",
            "2",
            "2",
            "2",
            "2",
            "0",
            "1",
            "1",
            "1",
            "1",
            "1",
            "2"
        ]
    }
}