{
    "thermalDogsAndPeople": {
        "exact_match_rate": 0.9629629629629629,
        "exact_match_rate_without_invalids": 0.9629629629629629,
        "recall": 0.9629629629629629,
        "precision": 0.9629629629629629,
        "precision_without_invalids": 0.9629629629629629,
        "f1": 0.9629629629629629,
        "f1_without_invalids": 0.9629629629629629,
        "macro_precision": 0.9705882352941176,
        "macro_recall": 0.9545454545454546,
        "macro_f1": 0.961038961038961,
        "class_precisions": {
            "0": 1.0,
            "1": 0.9411764705882353
        },
        "class_recalls": {
            "0": 0.9090909090909091,
            "1": 1.0
        },
        "class_f1s": {
            "0": 0.9523809523809523,
            "1": 0.9696969696969697
        },
        "total_invalids": 0,
        "percentage_invalids": 0.0,
        "preds": [
            1,
            1,
            1,
            1,
            0,
            1,
            0,
            1,
            0,
            1,
            1,
            1,
            0,
            0,
            0,
            0,
            1,
            1,
            1,
            1,
            0,
            1,
            0,
            1,
            1,
            1,
            0
        ],
        "gt_actions": [
            1,
            1,
            0,
            1,
            0,
            1,
            0,
            1,
            0,
            1,
            1,
            1,
            0,
            0,
            0,
            0,
            1,
            1,
            1,
            1,
            0,
            1,
            0,
            1,
            1,
            1,
            0
        ],
        "eval_time": 1.3768236637115479,
        "total_invalid_preds": 0,
        "all_outs": [
            "1",
            "1",
            "1",
            "1",
            "0",
            "1",
            "0",
            "1",
            "0",
            "1",
            "1",
            "1",
            "0",
            "0",
            "0",
            "0",
            "1",
            "1",
            "1",
            "1",
            "0",
            "1",
            "0",
            "1",
            "1",
            "1",
            "0"
        ]
    }
}