{
    "ThermalCheetah": {
        "exact_match_rate": 0.5161290322580645,
        "exact_match_rate_without_invalids": 0.5161290322580645,
        "recall": 0.5161290322580645,
        "precision": 0.5161290322580645,
        "precision_without_invalids": 0.5161290322580645,
        "f1": 0.5161290322580645,
        "f1_without_invalids": 0.5161290322580645,
        "macro_precision": 0.5083333333333333,
        "macro_recall": 0.5108695652173914,
        "macro_f1": 0.4816053511705686,
        "class_precisions": {
            "0": 0.75,
            "1": 0.26666666666666666
        },
        "class_recalls": {
            "0": 0.5217391304347826,
            "1": 0.5
        },
        "class_f1s": {
            "0": 0.6153846153846153,
            "1": 0.3478260869565218
        },
        "total_invalids": 0,
        "percentage_invalids": 0.0,
        "preds": [
            1,
            0,
            1,
            0,
            1,
            0,
            0,
            0,
            0,
            0,
            1,
            1,
            0,
            0,
            0,
            0,
            1,
            0,
            0,
            1,
            1,
            1,
            1,
            0,
            0,
            0,
            1,
            1,
            1,
            1,
            1
        ],
        "gt_actions": [
            0,
            0,
            0,
            0,
            0,
            0,
            0,
            0,
            0,
            0,
            0,
            0,
            0,
            0,
            0,
            0,
            1,
            1,
            0,
            1,
            1,
            1,
            0,
            1,
            1,
            1,
            0,
            0,
            0,
            0,
            0
        ],
        "eval_time": 1.800243616104126,
        "total_invalid_preds": 0,
        "all_outs": [
            "1",
            "0",
            "1",
            "0",
            "1",
            "0",
            "0",
            "0",
            "0",
            "0",
            "1",
            "1",
            "0",
            "0",
            "0",
            "0",
            "1",
            "0",
            "0",
            "1",
            "1",
            "1",
            "1",
            "0",
            "0",
            "0",
            "1",
            "1",
            "1",
            "1",
            "1"
        ]
    }
}