{
    "VehiclesOpenImages": {
        "exact_match_rate": 0.8449612403100775,
        "exact_match_rate_without_invalids": 0.8449612403100775,
        "recall": 0.8449612403100775,
        "precision": 0.8449612403100775,
        "precision_without_invalids": 0.8449612403100775,
        "f1": 0.8449612403100775,
        "f1_without_invalids": 0.8449612403100775,
        "macro_precision": 0.7933711145984813,
        "macro_recall": 0.9271111111111111,
        "macro_f1": 0.8413381723893562,
        "class_precisions": {
            "0": 0.8421052631578947,
            "1": 0.6909090909090909,
            "2": 1.0,
            "3": 0.7441860465116279,
            "4": 0.6896551724137931
        },
        "class_recalls": {
            "0": 0.8888888888888888,
            "1": 1.0,
            "2": 0.7466666666666667,
            "3": 1.0,
            "4": 1.0
        },
        "class_f1s": {
            "0": 0.8648648648648649,
            "1": 0.8172043010752689,
            "2": 0.8549618320610688,
            "3": 0.8533333333333333,
            "4": 0.8163265306122449
        },
        "total_invalids": 0,
        "percentage_invalids": 0.0,
        "preds": [
            4,
            4,
            2,
            1,
            2,
            2,
            4,
            1,
            1,
            1,
            0,
            4,
            2,
            2,
            2,
            4,
            2,
            1,
            1,
            1,
            1,
            2,
            2,
            1,
            1,
            2,
            0,
            2,
            4,
            2,
            2,
            2,
            3,
            4,
            4,
            4,
            4,
            4,
            2,
            2,
            1,
            1,
            3,
            4,
            4,
            0,
            2,
            2,
            2,
            2,
            1,
            2,
            2,
            4,
            1,
            1,
            1,
            0,
            0,
            2,
            1,
            2,
            2,
            1,
            2,
            4,
            2,
            1,
            2,
            1,
            1,
            0,
            2,
            4,
            4,
            4,
            2,
            1,
            2,
            0,
            1,
            0,
            2,
            1,
            2,
            2,
            0,
            3,
            0,
            3,
            3,
            3,
            3,
            3,
            3,
            3,
            3,
            3,
            3,
            2,
            3,
            2,
            2,
            2,
            1,
            1,
            4,
            4,
            2,
            1,
            1,
            1,
            1,
            1,
            4,
            2,
            2,
            3,
            3,
            1,
            1,
            1,
            3,
            3,
            2,
            2,
            2,
            2,
            1,
            1,
            1,
            2,
            2,
            1,
            1,
            1,
            3,
            2,
            3,
            0,
            3,
            1,
            2,
            2,
            2,
            2,
            2,
            2,
            2,
            3,
            3,
            3,
            3,
            2,
            2,
            2,
            2,
            2,
            2,
            2,
            2,
            1,
            2,
            2,
            2,
            2,
            2,
            2,
            2,
            2,
            2,
            2,
            2,
            2,
            2,
            2,
            2,
            2,
            2,
            2,
            0,
            1,
            1,
            3,
            3,
            2,
            0,
            2,
            2,
            3,
            3,
            3,
            3,
            3,
            3,
            3,
            3,
            2,
            3,
            3,
            4,
            2,
            2,
            2,
            3,
            2,
            2,
            2,
            1,
            3,
            1,
            1,
            2,
            2,
            0,
            2,
            2,
            2,
            2,
            0,
            2,
            2,
            1,
            0,
            4,
            4,
            2,
            1,
            1,
            2,
            2,
            2,
            1,
            2,
            1,
            2,
            2,
            4,
            2,
            0,
            3,
            2,
            1,
            1,
            2,
            0,
            0,
            4,
            3,
            2,
            3,
            3,
            1,
            4,
            4,
            4,
            2,
            2
        ],