{
    "dice": {
        "exact_match_rate": 0.7555555555555555,
        "exact_match_rate_without_invalids": 0.7555555555555555,
        "recall": 0.7555555555555555,
        "precision": 0.7555555555555555,
        "precision_without_invalids": 0.7555555555555555,
        "f1": 0.7555555555555555,
        "f1_without_invalids": 0.7555555555555555,
        "macro_precision": 0.7996135236809018,
        "macro_recall": 0.7820647224574294,
        "macro_f1": 0.741529441660738,
        "class_precisions": {
            "0": 0.918918918918919,
            "1": 0.9655172413793104,
            "2": 0.7575757575757576,
            "3": 0.8666666666666667,
            "4": 0.34782608695652173,
            "5": 0.9411764705882353
        },
        "class_recalls": {
            "0": 1.0,
            "1": 0.9032258064516129,
            "2": 0.9615384615384616,
            "3": 0.5909090909090909,
            "4": 0.8888888888888888,
            "5": 0.34782608695652173
        },
        "class_f1s": {
            "0": 0.9577464788732395,
            "1": 0.9333333333333333,
            "2": 0.8474576271186441,
            "3": 0.7027027027027029,
            "4": 0.5,
            "5": 0.5079365079365079
        },
        "total_invalids": 0,
        "percentage_invalids": 0.0,
        "preds": [
            4,
            2,
            4,
            0,
            3,
            0,
            4,
            3,
            0,
            0,
            2,
            1,
            0,
            4,
            4,
            1,
            3,
            5,
            0,
            4,
            5,
            0,
            0,
            3,
            4,
            4,
            3,
            2,
            0,
            2,
            3,
            2,
            3,
            4,
            0,
            2,
            5,
            3,
            4,
            1,
            2,
            1,
            2,
            2,
            2,
            5,
            2,
            2,
            3,
            0,
            4,
            5,
            3,
            1,
            1,
            2,
            4,
            1,
            2,
            3,
            5,
            4,
            5,
            4,
            2,
            4,
            3,
            4,
            2,
            4,
            4,
            4,
            4,
            4,
            2,
            2,
            4,
            4,
            1,
            0,
            0,
            1,
            4,
            5,
            0,
            4,
            4,
            2,
            2,
            0,
            5,
            2,
            2,
            2,
            5,
            1,
            1,
            4,
            0,
            3,
            2,
            4,
            3,
            3,
            4,
            3,
            2,
            2,
            1,
            3,
            2,
            2,
            0,
            3,
            2,
            2,
            1,
            3,
            4,
            1,
            4,
            3,
            3,
            0,
            0,
            5,
            3,
            0,
            2,
            4,
            4,
            1,
            2,
            4,
            0,
            4,
            0,
            3,
            5,
            2,
            2,
            0,
            4,
            2,
            2,
            2,
            2,
            2,
            1,
            3,
            1,
            0,
            0,
            0,
            1,
            3,
            2,
            4,
            5,
            3,
            2,
            4,
            2,
            2,
            1,
            2,
            2,
            2,
            1,
            4,
            2,
            2,
            0,
            4,
            2,
            2,
            0,
            2,
            2,
            1,
            1,
            3,
            4,
            0,
            0,
            4,
            5,
            2,
            1,
            2,
            0,
            2,
            0,
            2,
            3,
            0,
            5,
            1,
            1,
            4,
            2,
            2,
            2,
            2,
            3,
            5,
            0,
            2,
            0,
            5,
            1,
            2,
            3,
            0,
            1,
            4,
            4,
            2,
            0,
            2,
            2,
            2,
            4,
            1,
            1
        ],