{
    "usc_cloth_sim_converted_externally_to_rlds": {
        "action_success_rate": 0.0,
        "total_dataset_amse": 4110.9254272987455,
        "eval_time": 5942.556955337524,
        "num_timesteps": 20000,
        "avg_dataset_amse": 0.20554627136493728,
        "normalized_amse": 0.2686510034669727
    },
    "nyu_rot_dataset_converted_externally_to_rlds": {
        "action_success_rate": 0.0,
        "total_dataset_amse": 94.65862485805332,
        "eval_time": 132.12584471702576,
        "num_timesteps": 440,
        "avg_dataset_amse": 0.21513323831375752,
        "normalized_amse": 0.2951621222098258
    },
    "utokyo_pr2_opening_fridge_converted_externally_to_rlds": {
        "action_success_rate": 0.0,
        "total_dataset_amse": 170817132.69588557,
        "eval_time": 741.3502676486969,
        "num_timesteps": 2382,
        "avg_dataset_amse": 71711.64260952375,
        "normalized_amse": 0.1862525540767489
    }
}