{
    "ucsd_pick_and_place_dataset_converted_externally_to_rlds": {
        "action_success_rate": 0.0,
        "total_dataset_amse": 8989.84246231718,
        "num_timesteps": 13824,
        "avg_dataset_amse": 0.6503068910819719,
        "normalized_amse": 0.0858786618437778,
        "eval_time": 24392.52116584778
    },
    "stanford_hydra_dataset_converted_externally_to_rlds": {
        "action_success_rate": 0.8333333333333334,
        "total_dataset_amse": 14500.662948832163,
        "num_timesteps": 72192,
        "avg_dataset_amse": 0.20086246327615476,
        "normalized_amse": 0.009134259793548635,
        "eval_time": 142744.80327630043
    },
    "nyu_rot_dataset_converted_externally_to_rlds": {
        "action_success_rate": 7.142857142857142,
        "total_dataset_amse": 193.91659178868906,
        "num_timesteps": 440,
        "avg_dataset_amse": 0.4407195267924751,
        "normalized_amse": 0.03407789943070438,
        "eval_time": 686.7167165279388
    },
    "ucsd_kitchen_dataset_converted_externally_to_rlds": {
        "action_success_rate": 0.0,
        "total_dataset_amse": 4470251.527459471,
        "num_timesteps": 386,
        "avg_dataset_amse": 11580.962506371685,
        "normalized_amse": 0.20701689366351306,
        "eval_time": 877.2749886512756
    },
    "imperialcollege_sawyer_wrist_cam": {
        "action_success_rate": 0.0,
        "total_dataset_amse": 112.36231419978839,
        "num_timesteps": 1536,
        "avg_dataset_amse": 0.0731525483071539,
        "normalized_amse": 0.1832411607944919,
        "eval_time": 2844.8172132968903
    },
    "eth_agent_affordances": {
        "action_success_rate": 0.0,
        "total_dataset_amse": 35888.17371767255,
        "num_timesteps": 30720,
        "avg_dataset_amse": 1.16823482153882,
        "normalized_amse": 0.05695680580677874,
        "eval_time": 44533.179614543915
    }
}