{
    "utokyo_pr2_tabletop_manipulation_converted_externally_to_rlds": {
        "action_success_rate": 0.0,
        "avg_mse_list": [
            151886.0092767894,
            112713.83788562563,
            112781.13334201933,
            119067.67495500244,
            113976.83512927775,
            114826.89341659113,
            121881.28110045686,
            106273.2203017944,
            119780.90148085986,
            112642.51435000231,
            120197.18273017404,
            121704.27514860798,
            134096.80806452327,
            124726.82530582629,
            121747.79886032647,
            118506.99956076863,
            115068.93309928622,
            108667.39861611603,
            120231.32510600139,
            117604.20549875512,
            108531.81194812871,
            109505.96094826022,
            119735.11531540634,
            122909.68306876352,
            104777.69910958143,
            116525.43693380321,
            120434.47219309099,
            120721.96458042185,
            126954.99546103583,
            124916.81910562034,
            111573.68296220523,
            128227.60416275679,
            119724.72852047547,
            119692.17054417865,
            104248.50914943761,
            107403.69618991119,
            115612.89733547147,
            123772.01953950047,
            118937.87906956664,
            118981.90859125054,
            121531.22001753077,
            124468.16440111295,
            121349.68568993315,
            123623.77634096728,
            115383.38663198742,
            116594.73340297579,
            124942.92713569461,
            119713.50811148695,
            127899.19823548214
        ],
        "episode_count": 49,
        "total_dataset_amse": 5827077.707924844,
        "normalized_amse": 0.30798098208966584,
        "eval_time": 243.22644996643066
    },
    "usc_cloth_sim_converted_externally_to_rlds": {
        "action_success_rate": 0.0,
        "avg_mse_list": [
            0.03378239255820463,
            0.1421712317185518,
            0.1421712317185518,
            0.1421712317185518,
            0.1421712317185518,
            0.1421712317185518,
            0.06605289581495276,
            0.1421712317185518,
            0.1421712317185518,
            0.1421712317185518,
            0.1421712317185518,
            0.17595774457453095,
            0.1421712317185518,
            0.1421712317185518,
            0.1421712317185518,
            0.1421712317185518,
            0.1761140484040811,
            0.1421712317185518,
            0.1421712317185518,
            0.1421712317185518,
            0.1421712317185518,
            0.12448154675301135,
            0.11724193728036805,
            0.1421712317185518,
            0.1421712317185518,
            0.1421712317185518,
            0.1421712317185518,
            0.13835183079073998,
            0.1421712317185518,
            0.1421712317185518,
            0.1421712317185518,
            0.1421712317185518,
            0.1750504675946212,
            0.1421712317185518,
            0.1421712317185518,
            0.1421712317185518,
            0.1421712317185518,
            0.0809366080641112,
            0.1421712317185518,
            0.1421712317185518,
            0.1421712317185518,
            0.1421712317185518,
            0.15926430377411635,
            0.1421712317185518,
            0.1421712317185518,
            0.1421712317185518,
            0.1421712317185518,
            0.1421712317185518,
            0.1421712317185518,
            0.1421712317185518,
            0.1421712317185518,
            0.1421712317185518,
            0.1421712317185518,
            0.07986115472426364,
            0.1421712317185518,
            0.1421712317185518,
            0.1421712317185518,
            0.1421712317185518,
            0.15926430377411635,
            0.1421712317185518,
            0.1421712317185518,
            0.1421712317185518,
            0.1421712317185518,
            0.13759978852217578,
            0.1421712317185518,
            0.1421712317185518,
            0.1421712317185518,
            0.1421712317185518,
            0.15763186871871895,
            0.1421712317185518,
            0.1421712317185518,
            0.1421712317185518,
            0.1421712317185518,
            0.15780867384546754,
            0.1421712317185518,
            0.1421712317185518,
            0.1421712317185518,
            0.1421712317185518,
            0.10863556843291049,
            0.1421712317185518,
            0.1421712317185518,
            0.1421712317185518,
            0.1421712317185518,
            0.1895950496558599,
            0.1421712317185518,
            0.1421712317185518,
            0.1421712317185518,
            0.1421712317185518,
            0.11952014798016028,
            0.1421712317185518,
            0.1421712317185518,
            0.1421712317185518,
            0.1421712317185518,
            0.1272276354601536,
            0.1421712317185518,
            0.1421712317185518,
            0.1421712317185518,
            0.1421712317185518,
            0.18377327497057414,
            0.1421712317185518,
            0.1421712317185518,
            0.1421712317185518,
            0.1421712317185518,
            0.1648868457721458,
            0.1421712317185518,
            0.1421712317185518,
            0.1421712317185518,
            0.1421712317185518,
            0.1498731973196445,
            0.1421712317185518,
            0.1421712317185518,
            0.1421712317185518,
            0.1421712317185518,
            0.11144310883833376,
            0.1421712317185518,
            0.1421712317185518,
            0.1421712317185518,
            0.1421712317185518,
            0.17053722226377774,
            0.1421712317185518,
            0.1421712317185518,
            0.1421712317185518,
            0.1421712317185518,
            0.1400578574403985,
            0.1421712317185518,
            0.1421712317185518,
            0.1421712317185518,
            0.1421712317185518,
            0.15093904065703825,
            0.1421712317185518,
            0.1421712317185518,
            0.1421712317185518,
            0.1421712317185518,
            0.15708207775334962,
            0.1421712317185518,
            0.1421712317185518,
            0.1421712317185518,
            0.1421712317185518,
            0.13729786584689432,
            0.1421712317185518,
            0.1421712317185518,
            0.1421712317185518,
            0.1421712317185518,
            0.1421712317185518,
            0.1421712317185518,
            0.1421712317185518,
            0.1421712317185518,
            0.1421712317185518,
            0.152889439232914,
            0.1421712317185518,
            0.1421712317185518,
            0.1421712317185518,
            0.1421712317185518,
            0.15801522287279104,
            0.1421712317185518,
            0.1421712317185518,
            0.1421712317185518,
            0.1421712317185518,
            0.12490676255129088,
            0.1421712317185518,
            0.1421712317185518,
            0.1421712317185518,
            0.1421712317185518,
            0.14049318847190448,
            0.1421712317185518,
            0.1421712317185518,
            0.1421712317185518,
            0.1421712317185518,
            0.2106079496236572,
            0.1421712317185518,
            0.1421712317185518,
            0.1421712317185518,
            0.1421712317185518,
            0.13070262528565266,
            0.1421712317185518,
            0.1421712317185518,
            0.1421712317185518,
            0.1421712317185518,
            0.11303949194864561,
            0.1421712317185518,
            0.1421712317185518,
            0.1421712317185518,
            0.1421712317185518,
            0.17394353209359306,
            0.1421712317185518,
            0.1421712317185518,
