{
    "AerialMaritimeDrone": {
        "exact_match_rate": 0.3076923076923077,
        "exact_match_rate_without_invalids": 0.3076923076923077,
        "recall": 0.3076923076923077,
        "precision": 0.3076923076923077,
        "precision_without_invalids": 0.3076923076923077,
        "f1": 0.3076923076923077,
        "f1_without_invalids": 0.3076923076923077,
        "macro_precision": 0.4502116402116402,
        "macro_recall": 0.35639215686274517,
        "macro_f1": 0.2827072152653548,
        "class_precisions": {
            "0": 0.05,
            "1": 1.0,
            "2": 0.6296296296296297,
            "3": 0.5714285714285714,
            "4": 0.0
        },
        "class_recalls": {
            "0": 0.6666666666666666,
            "1": 0.2,
            "2": 0.68,
            "3": 0.23529411764705882,
            "4": 0.0
        },
        "class_f1s": {
            "0": 0.09302325581395349,
            "1": 0.33333333333333337,
            "2": 0.6538461538461539,
            "3": 0.3333333333333333,
            "4": 0.0
        },
        "total_invalids": 0,
        "percentage_invalids": 0.0,
        "preds": [
            0,
            0,
            1,
            0,
            0,
            0,
            0,
            2,
            2,
            2,
            2,
            0,
            2,
            4,
            0,
            2,
            2,
            0,
            0,
            0,
            0,
            0,
            2,
            0,
            0,
            2,
            3,
            0,
            0,
            0,
            2,
            0,
            0,
            0,
            3,
            3,
            0,
            0,
            0,
            2,
            4,
            4,
            0,
            2,
            2,
            0,
            2,
            2,
            0,
            0,
            2,
            0,
            2,
            2,
            2,
            0,
            0,
            0,
            2,
            2,
            0,
            0,
            2,
            3,
            0,
            2,
            2,
            2,
            0,
            3,
            0,
            3,
            0,
            0,
            3,
            2,
            0,
            2
        ],
        "gt_actions": [
            1,
            1,
            1,
            3,
            3,
            4,
            4,
            2,
            2,
            2,
            2,
            0,
            2,
            2,
            2,
            2,
            2,
            4,
            4,
            4,
            4,
            4,
            4,
            4,
            3,
            3,
            3,
            3,
            3,
            3,
            4,
            3,
            3,
            2,
            3,
            3,
            4,
            4,
            4,
            2,
            2,
            2,
            4,
            2,
            2,
            2,
            2,
            2,
            4,
            4,
            4,
            4,
            4,
            4,
            4,
            3,
            3,
            3,
            2,
            0,
            4,
            0,
            2,
            3,
            4,
            2,
            2,
            4,
            4,
            2,
            4,
            1,
            3,
            2,
            1,
            2,
            4,
            4
        ],
        "eval_time": 1.9554295539855957,
        "total_invalid_preds": 0,
        "all_outs": [
            "0",
            "0",
            "1",
            "0",
            "0",
            "0",
            "0",
            "2",
            "2",
            "2",
            "2",
            "0",
            "2",
            "4",
            "0",
            "2",
            "2",
            "0",
            "0",
            "0",
            "0",
            "0",
            "2",
            "0",
            "0",
            "2",
            "3",
            "0",
            "0",
            "0",
            "2",
            "0",
            "0",
            "0",
            "3",
            "3",
            "0",
            "0",
            "0",
            "2",
            "4",
            "4",
            "0",
            "2",
            "2",
            "0",
            "2",
            "2",
            "0",
            "0",
            "2",
            "0",
            "2",
            "2",
            "2",
            "0",
            "0",
            "0",
            "2",
            "2",
            "0",
            "0",
            "2",
            "3",
            "0",
            "2",
            "2",
            "2",
            "0",
            "3",
            "0",
            "3",
            "0",
            "0",
            "3",
            "2",
            "0",
            "2"
        ]
    }
}