{
    "utokyo_pr2_tabletop_manipulation_converted_externally_to_rlds": {
        "mse_list": [
            1063202.064937526,
            13638374.384160701,
            16917170.001302898,
            14883459.369375305,
            25074903.728441104,
            15386803.717823211,
            14991397.575356195,
            14134338.300138654,
            14852831.783626622,
            13179174.17895027,
            13942873.19670019,
            18742458.37288563,
            6973034.01935521,
            16089760.464451592,
            14000996.868937545,
            16946500.937189914,
            25890509.9473394,
            14126761.820095085,
            16952616.839946195,
            17287818.208317004,
            15302985.48468615,
            17192435.868876856,
            14368213.83784876,
            14380432.919045333,
            15611877.167327633,
            15031781.364460614,
            16740391.634839647,
            16780353.076678637,
            16631104.405395692,
            14990018.29267444,
            17963362.956915043,
            20003506.24939006,
            15923388.893223237,
            16517519.535096653,
            13969300.226024639,
            13318058.327548988,
            15838966.93495959,
            17204310.715990566,
            14867234.88369583,
            16181539.568410072,
            14097621.522033568,
            15309584.221336894,
            14804661.654171843,
            18049071.345781222,
            14422923.328998428,
            14224557.475163046,
            17741895.653268635,
            12569918.35170613,
            3836975.947064464
        ],
        "avg_dataset_mse": 117722.25363438271,
        "num_timesteps": 6362,
        "total_dataset_mse": 748948977.6219428
    },
    "usc_cloth_sim_converted_externally_to_rlds": {
        "mse_list": [
            0.13512957023281852,
            14.217123171855182,
            14.217123171855182,
            14.217123171855182,
            14.217123171855182,
            14.217123171855182,
            4.491596915416787,
            14.217123171855182,
            14.217123171855182,
            14.217123171855182,
            14.217123171855182,
            22.52259130553996,
            14.217123171855182,
            14.217123171855182,
            14.217123171855182,
            14.217123171855182,
            10.566842904244865,
            14.217123171855182,
            14.217123171855182,
            14.217123171855182,
            14.217123171855182,
            14.937785610361361,
            9.379354982429444,
            14.217123171855182,
            14.217123171855182,
            14.217123171855182,
            14.217123171855182,
            9.407924493770318,
            14.217123171855182,
            14.217123171855182,
            14.217123171855182,
            14.217123171855182,
            30.80888229665333,
            14.217123171855182,
            14.217123171855182,
            14.217123171855182,
            14.217123171855182,
            3.2374643225644477,
            14.217123171855182,
            14.217123171855182,
            14.217123171855182,
            14.217123171855182,
            14.01525873212224,
            14.217123171855182,
            14.217123171855182,
            14.217123171855182,
            14.217123171855182,
            14.217123171855182,
            14.217123171855182,
            14.217123171855182,
            14.217123171855182,
            14.217123171855182,
            14.217123171855182,
            5.7500031401469816,
            14.217123171855182,
            14.217123171855182,
            14.217123171855182,
            14.217123171855182,
            14.01525873212224,
            14.217123171855182,
            14.217123171855182,
            14.217123171855182,
            14.217123171855182,
            14.31037800630628,
            14.217123171855182,
            14.217123171855182,
            14.217123171855182,
            14.217123171855182,
            28.37373636936941,
            14.217123171855182,
            14.217123171855182,
            14.217123171855182,
            14.217123171855182,
            17.043336775310493,
            14.217123171855182,
            14.217123171855182,
            14.217123171855182,
            14.217123171855182,
            9.125387748364481,
            14.217123171855182,
            14.217123171855182,
            14.217123171855182,
            14.217123171855182,
            29.576827746314144,
            14.217123171855182,
            14.217123171855182,
            14.217123171855182,
            14.217123171855182,
            10.517773022254104,
            14.217123171855182,
            14.217123171855182,
            14.217123171855182,
            14.217123171855182,
            11.704942462334131,
            14.217123171855182,
            14.217123171855182,
            14.217123171855182,
            14.217123171855182,
            26.463351595762674,
            14.217123171855182,
            14.217123171855182,
            14.217123171855182,
            14.217123171855182,
            19.786421492657496,
            14.217123171855182,
            14.217123171855182,
            14.217123171855182,
            14.217123171855182,
            16.186305310521604,
            14.217123171855182,
            14.217123171855182,
            14.217123171855182,
            14.217123171855182,
            9.80699357777337,
            14.217123171855182,
            14.217123171855182,
            14.217123171855182,
            14.217123171855182,
            19.782317782598216,
            14.217123171855182,
            14.217123171855182,
            14.217123171855182,
            14.217123171855182,
            12.325091454755068,
            14.217123171855182,
            14.217123171855182,
            14.217123171855182,
            14.217123171855182,
            19.923953366729048,
            14.217123171855182,
            14.217123171855182,
            14.217123171855182,
            14.217123171855182,
            13.194894531281369,
            14.217123171855182,
            14.217123171855182,
            14.217123171855182,
            14.217123171855182,
            18.67250975517763,
            14.217123171855182,
            14.217123171855182,
            14.217123171855182,
            14.217123171855182,
            14.217123171855182,
            14.217123171855182,
            14.217123171855182,
            14.217123171855182,
            14.217123171855182,
            14.06582840942809,
            14.217123171855182,
            14.217123171855182,
            14.217123171855182,
            14.217123171855182,
            25.282435659646566,
            14.217123171855182,
            14.217123171855182,
            14.217123171855182,
            14.217123171855182,
            9.492913953898107,
            14.217123171855182,
            14.217123171855182,
            14.217123171855182,
            14.217123171855182,
            18.54510087829139,
            14.217123171855182,
            14.217123171855182,
            14.217123171855182,
            14.217123171855182,
            13.47890877591406,
            14.217123171855182,
            14.217123171855182,
            14.217123171855182,
            14.217123171855182,
            14.638694031993097,
            14.217123171855182,
            14.217123171855182,
            14.217123171855182,
            14.217123171855182,
            15.373370905015804,
            14.217123171855182,
            14.217123171855182,
            14.217123171855182,
            14.217123171855182,
            13.915482567487444,
            14.217123171855182,
            14.217123171855182,
            14.217123171855182,
            14.217123171855182,
            14.217123171855182,
            2.11188376141543,
            14.217123171855182,
            14.217123171855182,
