{"berkeley_cable_routing": {"action_success_rate": 0.0, "avg_mse_list": [0.17307177761699966, 0.225853300953015, 0.14280707716271318, 0.14542730296639575, 0.21418547413448868, 0.20732770508392045, 0.1254853536386041, 0.21645676930881558, 0.11570265348845285, 0.1696695334121046, 0.11347473376760231, 0.16852654717138663, 0.17580044289800176, 0.2811486364161709, 0.11722083920297358, 0.33272006814842464, 0.142148389142982, 0.3417592522451998, 0.14505714285714283, 0.048577179651539446, 0.16438794351233724, 0.14500428358716924, 0.11420845695498931, 0.19232352981542497, 0.10355964078124649, 0.2390770924637757, 0.14476327662895566, 0.19916572933249727, 0.09646157825551424, 0.15755506246738316, 0.08869158475389179, 0.14542730296639575, 0.07433301252623258, 0.20084605299935768, 0.22767013488929466, 0.25808657289859754, 0.1572374572101657, 0.38721532357904376, 0.1094537702845164, 0.22357514241622337, 0.16085198374658125, 0.13391839092812616, 0.12972608309426573, 0.14542730296639575, 0.11868729960384142, 0.1777968755963395, 0.16185028285162903, 0.22576184302195954, 0.1510477167806831, 0.21186042133031974, 0.08319485667017884, 0.18154821262777143, 0.10304465809394195, 0.14542730296639575, 0.09265404003240371, 0.14542730296639575, 0.13934336263926267, 0.25864369721124175, 0.1825239350651001, 0.33198876514835396, 0.18320979697404882, 0.3140288696821957, 0.1283160904003198, 0.14542730296639575, 0.078249513276065, 0.4199067563964625, 0.11854083868996904, 0.213797975343208, 0.09460639855422162, 0.1997623864289188, 0.1430852693454113, 0.3436874045407536, 0.16612261974963513, 0.2211105143302381, 0.1237192511354209, 0.21350844916528516, 0.10339286451165569, 0.1933818440241933, 0.13129042426902246, 0.4945343918078284, 0.09847718670747842, 0.14542730296639575, 0.12634232040155152, 0.19970306983749117, 0.14842760299373023, 0.14542730296639575, 0.13519784843722354, 0.14542730296639575, 0.0793774891561404, 0.14542730296639575, 0.10292519773386555, 0.2073645270291076, 0.19058933131196681, 0.2904648153330946, 0.08391883474147832, 0.32579389624421146, 0.07143117767035609, 0.14542730296639575, 0.10408966920148069, 0.15675449056938903, 0.14513414882607475, 0.15772332066970038, 0.09450663250317588, 0.2157492736364187, 0.09035437455244323, 0.05109426298362229, 0.0951478887335971, 0.20592661355034433, 0.09024882313605671, 0.14542730296639575, 0.10251348872203232, 0.18435699530607, 0.0966362919954694, 0.19124870564217877, 0.06369513540213677, 0.1508822886864644, 0.1346723696033558, 0.1463557585544762, 0.11375963135646232, 0.24254118544695827, 0.17755330578027279, 0.14542730296639575, 0.17433048571420617, 0.19962657907143658, 0.09941786334847848, 0.14312541636648238, 0.12345203079906224, 0.12543705408766695, 0.07930051598185592, 0.19176475437813875, 0.1085214101294553, 0.15953160380722106, 0.1214068208448991, 0.2507547092592973, 0.13571830778558963, 0.14542730296639575, 0.13420716501492091, 0.33615446176612246, 0.1711590227569823, 0.34471737332997426, 0.06649667193015213, 0.19950616764209883, 0.126241731412302, 0.45996247449058497, 0.1521127192600443, 0.25077211671079225, 0.18060521152033707, 0.14542730296639575, 0.14460057211748636, 0.14542730296639575, 0.14705407639278112, 0.2976923557190268, 0.11607327467226838, 0.21818985720850972, 0.11358117373576256, 0.26495883732348113, 0.16116974783069635, 0.25682280741325364, 0.12555637321765228, 0.08569722979024266, 0.1844537638499655, 0.24814889152041827, 0.07848961495146288, 0.14309013717121652, 0.07466833753275966, 0.20857394368278515, 0.1119980743697858, 0.047985609259351004, 0.08794741583819232, 0.18986835822661716, 0.12272264198378026, 0.19641683140441993, 0.07657626792387791, 0.14542730296639575, 0.16984484395348848, 0.14542730296639575, 0.15857238938869894, 0.14542730296639575, 0.1279323629423659, 0.19755714285714285, 0.13098170945359391, 0.2013491731688104, 0.17577887991251268, 0.2649472530976898, 0.13213106839929264, 0.17895714285714284, 0.1348268959053806, 0.04539143693781276, 0.08972333424897476, 0.2071428485072482, 0.14542730296639575, 0.17900901353923723, 0.15030536777783576, 0.19491865202722194, 0.14751343007601594, 0.17726380312783244, 0.12759812005172652, 0.18918228711002075, 0.11527803322609217, 0.19901437775993647, 0.09482685435676826, 0.1878684604951066, 0.16052979101222195, 0.18691212067242716, 0.0756792286617362, 0.14542730296639575, 0.20803065942285898, 0.33530547040501263, 0.14078650854056088, 0.21283042692129064, 0.1334529591369161, 0.2145376254319864, 0.11462277714731359, 0.26777444687960644, 0.1365673301196391, 0.3351182346772142, 0.12672104793714184, 0.22457647153429341, 0.13311236581652275, 0.19326894294542565, 0.08206724543975995, 0.17503753030345406, 0.12319122855671999, 0.19057491642115146, 0.09362145535719556, 0.15671565683973623, 0.10167277725484015, 0.22468755757007533, 0.16144240576420885, 0.26959114896738945, 0.10002128955251682, 0.04223120847764095, 0.09578906852557728, 0.20298082210168994, 0.21425827558922075, 0.2865131893381779, 0.06944715220077052, 0.18749141585694246, 0.18924582767958115, 0.26560069212451654, 0.09927367275676285, 0.21459200736906756, 0.11370041215391136, 0.3236479568150816, 0.13728456496196748, 0.354482303033075, 0.12882010678061306, 0.14893620376458946, 0.10538759618773201, 0.1740236080341695, 0.09530738965660399, 0.20522758877235653, 0.11003186821531315, 0.14539761819678212, 0.1126437921818353, 0.2159537185613563, 0.12862953179169725, 0.14542742857142857, 0.15734448986787672, 0.3438389435882084, 0.056009590200939686, 0.18917788831149387, 0.10329828038300626, 0.14542730296639575, 0.1440768351020453, 0.2101654304016715, 0.19541566942375366, 0.3402456854717535, 0.195829349653701, 0.16705386997136698, 0.1533935880778795, 0.331822646221562, 0.09935091249455678, 0.2483373259268946, 0.17253014841599548, 0.2392349837525616, 0.1738158790248145, 0.2026885900054898, 0.20345768270128176, 0.26466544770922595, 0.18730275384689518, 0.3303703443842206, 0.14283170753660462, 0.20607299042165586, 0.21084903054318258, 0.2528633428499569, 0.13023636335807864, 0.18436606969289335, 0.19525212987377993, 0.1543230322589269, 0.11923411153503945, 0.19997154833752862, 0.17084155737532017, 0.08022826983377286, 0.08350617270757503, 0.14542730296639575, 0.06725473086546627, 0.14542730296639575, 0.12166423150730755, 0.224385430814422, 0.11740867771546414, 0.14542730296639575, 0.13848674703902727, 0.2000057867921152, 0.19825112357716843, 0.19825112093715985, 0.14384932899019684, 0.23436784695181556, 0.10962992959054937, 0.26370476031491297, 0.10178391270082592, 0.21800762944158053, 0.06596044757792069, 0.14542730296639575, 0.10949062835239916, 0.14542730296639575, 0.21673457280704037, 0.14542730296639575, 0.08443126918362716, 0.19682221408437162, 0.0958413313558063, 0.1460892620418608, 0.1666693099936791, 0.3277362059895194, 0.17120590130820776, 0.19793550156760403, 0.10019707474355027, 0.2102150584797565, 0.07485541508399028, 0.045286545360875875, 0.05873810252023015], "episode_count": 331, "total_dataset_amse": 55.46283617989844, "normalized_amse": 0.2770934071468415, "eval_time": 5873.567973136902}}