{"utokyo_xarm_pick_and_place_converted_externally_to_rlds": {"action_success_rate": 0.0, "avg_mse_list": [0.9018746175165945, 0.4212957934877071, 1.0172280863095178, 0.45119666536634523, 0.3607496515900456, 0.2487475221271066, 0.3971017503077709, 0.3776545834554457, 0.7504256807712388, 0.6577816311493537, 0.062327109805079564], "episode_count": 11, "total_dataset_amse": 5.6463830918862055, "normalized_amse": 0.47227980188442215, "eval_time": 1400.024249792099}}