{"usc_cloth_sim_converted_externally_to_rlds": {"action_success_rate": 0.0, "avg_mse_list": [0.23312500000000003, 0.2184250002123416, 0.21356650020116572, 0.22825000015944252, 0.22343750021010642, 0.22957031270712616, 0.2322669117734713, 0.22756250022426255, 0.2359407501832843, 0.21494000027343638, 0.2285790045015631, 0.21193730485630224, 0.225586625230968, 0.22178750012442475, 0.21484531269073487, 0.20766475020861633, 0.20992458365619188, 0.21723125027865176, 0.2292060002726913, 0.22441200029355293, 0.2296865002086163, 0.21579562516205014, 0.23004968761269007, 0.21866250016838318, 0.23300956271904713, 0.21951425016093257, 0.24223125024139883, 0.21121323551982643, 0.2202547502667308, 0.22090450025331979, 0.21474400022798779, 0.22140233518849975, 0.2200991479524835, 0.2230332502563, 0.23351875028461222, 0.23055725023245813, 0.21583350023961073, 0.23339062523841858, 0.23750417767905663, 0.2057372502570451, 0.23516250030398372, 0.2162937502473593, 0.22647393493171447, 0.20562656280398373, 0.22011875019371513, 0.2363895948508677, 0.21533325016316773, 0.21601250020861623, 0.20599375015646226, 0.20882812523096805, 0.23568750023543839, 0.21890000016093253, 0.21267175025331983, 0.22348090295990314, 0.23447500022351744, 0.2210587570232882, 0.22228750021755697, 0.2233503127831221, 0.2192138070305168, 0.2203610001519919, 0.21468144653461746, 0.223468750204891, 0.22725156259387735, 0.22400841361914695, 0.22497500024288897, 0.22875625015497214, 0.22489950022202734, 0.22004960886446323, 0.2077479168400997, 0.2368232501370907, 0.2219750002548099, 0.22066875013932588, 0.22821875025182967, 0.218518750178676, 0.2342540001966954, 0.2184988855804665, 0.2156500003136695, 0.21588125022798782, 0.23338541674472044, 0.23591400026673084, 0.22289725025033957, 0.2148658421515837, 0.21605925021606687, 0.2088850964795703, 0.21978450024065377, 0.22700625029355287, 0.22403225023841863, 0.22435625028014186, 0.23396484389731834, 0.22135625016540292, 0.2324875002637506, 0.21166975024437903, 0.21068906266689302, 0.21573029914951852, 0.22103575011473897, 0.22511937468071405, 0.22004970394377743, 0.21344375017285355, 0.22428129354847806, 0.22494150020414594, 0.2236937502205372, 0.22684725026077035, 0.22368371961027178, 0.19839458364253246, 0.2120730002115965, 0.22176975024810436, 0.21456054117869594, 0.1939602502726913, 0.218516435480449, 0.22099375019520523, 0.21614375015497214, 0.21880000012815004, 0.23198150016242267, 0.21375000012869186, 0.23120475019818548, 0.20803125019967564, 0.22237350023692856, 0.22734300022977597, 0.22053340540877708, 0.20491064886204943, 0.20138850026494268, 0.22206656000533695, 0.23113875015795235, 0.22590909100645648, 0.2266710001765788, 0.2226187502503396, 0.22708125030174856, 0.21491250021308667, 0.22195549263082673, 0.2179218751713634, 0.22398165426494338, 0.2172118753188849, 0.22263725022128222, 0.20012500030511912, 0.21545625017434364, 0.22716875025257477, 0.2258032875455515, 0.22049881278759245, 0.2278033089911675, 0.23636875028535725, 0.21431981269222505, 0.22635239239249036, 0.21860000025480988, 0.21164375021457676, 0.21890000017881395, 0.2301437502011657, 0.2199247502190471, 0.21226250023692853, 0.2101086959777319, 0.21987225021755702, 0.20499100026971104, 0.21805625014007096, 0.22301250026822092, 0.22122425792053346, 0.2252332501654029, 0.23088308056927753, 0.22489375027120118, 0.20953125022128227, 0.22089638184952118, 0.2230552501907349, 0.2333312502935529, 0.21610000018328435, 0.2102218609618206, 0.21788712138709698, 0.23220000022500756, 0.22525975014603142, 0.23985775021159653, 0.21977947247086538, 0.2127640628608875, 0.19953025022649765, 0.22229275011026864, 0.2044185002667308, 0.20583750015795232, 0.20811897354823142, 0.21422656272724278, 0.22498750010579827, 0.22223125024139886, 0.22217500029057266, 0.21918547812853667, 0.221612500217557, 0.2275812501892448, 0.22745625016987328, 0.21552564971135874, 0.21477437521420423, 0.22997200025182965, 0.21645800017136338, 0.21346875027939682, 0.23017500021755702, 0.21895600018119815, 0.24898645833333335, 0.22218856271755696, 0.21321325016540293, 0.22363600019222507, 0.22585200022500757, 0.22510951900008402, 0.2298117502570451, 0.22767799012109108, 0.22159062530398374, 0.20881875014156104, 0.22026875021010642], "episode_count": 200, "total_dataset_amse": 44.22712937045112, "normalized_amse": 0.4938627889753087, "eval_time": 24127.72296142578}}