{"eth_agent_affordances": {"action_success_rate": 0.0, "avg_mse_list": [0.44641724461996324, 0.42311099082081083, 0.4413432165684616, 0.6391269805389296, 0.3896411418000451, 0.445409931651084, 0.4571712742082649, 0.6746824374392465, 0.3998890566022, 0.6180045039785805, 0.474489436779755, 0.3502030912362172, 0.32149164582374845, 0.5058221511278543, 0.3740628089198738, 0.47205756745388605, 0.4950676408458375, 0.37987286353236016, 0.32367455275770224, 0.46869130183497715, 0.645364818354238, 0.5719028072045719, 0.4747664362129532, 0.452215066134618, 0.5681577136740867, 0.38443178017616936, 0.4308527960142535, 0.2970257319145871], "episode_count": 28, "total_dataset_amse": 12.924946988225274, "normalized_amse": 0.4357913291549927, "eval_time": 41472.0412106514}}