{"utokyo_xarm_bimanual_converted_externally_to_rlds": {"action_success_rate": 0.0, "avg_mse_list": [0.15729692997401465, 0.11913782491963021, 0.16835740867758797, 0.1250000000000002, 0.14285714285714338, 0.14285714285714304, 0.30172965874378643], "episode_count": 7, "total_dataset_amse": 1.1572361080293059, "normalized_amse": 0.2529226971291127, "eval_time": 274.70631313323975}}