{"imperialcollege_sawyer_wrist_cam": {"action_success_rate": 0.0, "avg_mse_list": [0.042448975322529926, 0.051880566592600715, 0.060800839042891505, 0.06005532442238303, 0.09045880729337828, 0.06931740562745785, 0.07491496272029828, 0.08411333299373096, 0.07348327125050078, 0.10557784736109702, 0.057247585228498606, 0.10039105416237935, 0.08543074319970614, 0.07905688857312516, 0.07532623071659418, 0.056172034394434356, 0.06704686074689775, 0.054964639279676784, 0.060578042660706724, 0.0629015172415771, 0.07335282688885073, 0.07355205574265797, 0.05840990576512268, 0.06265657780572088, 0.04605936671457632, 0.050686837463250124, 0.0691917836543398, 0.08677681687560765, 0.08480878820938165, 0.07855169981381939, 0.07416503143975016, 0.08546238944986315, 0.060571374189017146, 0.07374221017320995, 0.07798038743680108, 0.04756209642159123, 0.055878784472047915, 0.07093461405684394, 0.07867705774090554, 0.11441044272140513], "episode_count": 40, "total_dataset_amse": 2.835597975865227, "normalized_amse": 0.39522504337571773, "eval_time": 3491.261199951172}}