{"viola": {"action_success_rate": 0.0, "avg_mse_list": [0.42126654502372246, 0.3126122153842189, 0.3163754621832899, 0.3508467198180112, 0.33954942380428216, 0.27955602595418244, 0.3439974086059924, 0.3417411767676022, 0.3518461956501409, 0.38239005087902334, 0.3627955594541697, 0.31125358732928793, 0.3268497515672236, 0.3373864854381512, 0.3334072721556445, 0.3357642903766622], "episode_count": 16, "total_dataset_amse": 5.447638170391606, "normalized_amse": 0.4299000532585565, "eval_time": 6612.088451385498}}