{"nyu_door_opening_surprising_effectiveness": {"action_success_rate": 0.0, "avg_mse_list": [0.4503339869834508, 0.40783913797096993, 0.39261022383690486, 0.15477440078556937, 0.42687085509559497, 0.1561032158424078, 0.27690596331558276, 0.1449801347977687, 0.4117896912335445, 0.9080323164267983, 0.42905985211731595, 0.1591981633193996, 0.3527955867830352, 0.15939622242072635, 0.38466198714227584, 0.6244322120941845, 0.3790493016988164, 0.906751342183112, 0.3583752707962964, 0.9091003115407306, 0.4596238893827432, 0.4059569922047055, 0.4240181477663084, 1.2607389001062865, 0.2891327912758419, 0.126735511014425, 0.38590614637000875, 0.9050020618647174, 0.3929699926156944, 0.1566353619231517, 0.40172386859268777, 0.40955490146127094, 0.3920621750119316, 0.9065713523116824, 0.37133231551708384, 0.12510217466521634, 0.46025446827197625, 1.2564969370402863, 0.41025684764160236, 0.9065161094671728, 0.416720896476267, 0.9118881433237762, 0.34295970200943504, 1.1259592655407284, 0.4314667556969336, 0.00022911739543821484, 0.3462966894058348, 0.4078244004837528, 0.3686023569346554, 0.24878351224498602, 0.30106338540993416, 0.40901778157726987, 0.3277506606181387, 0.1553376544106997, 0.4216415033778035, 0.9043072959546132, 0.5267993930773952, 0.9152224470070516, 0.3763553756494867, 1.2420291916906154, 0.35384165937316886, 0.15626622355775513, 0.3525451982625342, 1.2568960644013913, 0.3875240127002213, 1.2496670409064325, 0.33048756852268446, 0.125006997140934, 0.41179591653743897, 0.40704270715052604, 0.4501941180956164, 0.20589585799363935, 0.3388782213943157, 1.2425647929152532, 0.3431777591293873, 0.40598813283041435, 0.3051163882762445, 0.15652791925610732, 0.39340408710555397, 0.7825629754118053, 0.47553108649733855, 0.4069320992318134, 0.28130999715605787, 0.15722353176424086, 0.3499613763700207, 0.9038357307407567, 0.33795127622526505, 0.1561305342961681, 0.5186318448627941, 0.9062695273623183, 0.38350288150449546, 1.2417500459501591, 0.41411620123282833, 1.1277015502805843, 0.38581220758859736, 0.4073525274637043, 0.43988081368903004, 0.4015853472923523], "episode_count": 98, "total_dataset_amse": 47.97076886964406, "normalized_amse": 0.3881513105589095, "eval_time": 5650.661155462265}}