{
    "openx_bimanual": {
        "action_success_rate": 0.0,
        "total_dataset_amse": 186.64471593277403,
        "total_dataset_amae": 81.44869180258355,
        "num_timesteps": 126,
        "avg_dataset_amse": 1.4813072693077305,
        "avg_dataset_amae": 0.6464181889093931,
        "normalized_amse": 0.24722961042153355,
        "normalized_amae": 0.4511124436351658,
        "normalized_quantile_filtered_amae": 0.4472951371316948,
        "max_relative_mae": 1.7050955907827479,
        "proportion_beyond_threshold_mae": 0.0,
        "eval_time": 62.14056417799293,
        "total_invalid_preds": 0,
        "invalid_predictions_percentage": 0.0,
        "total_batches": 13,
        "total_timesteps": 126
    },
    "openx_quadrupedal": {
        "action_success_rate": 0.0,
        "total_dataset_amse": 0.0,
        "total_dataset_amae": 0.0,
        "num_timesteps": 0.0,
        "avg_dataset_amse": 0.0,
        "avg_dataset_amae": 0.0,
        "normalized_amse": 0.0,
        "normalized_amae": 0.0,
        "normalized_quantile_filtered_amae": 0.0,
        "max_relative_mae": 0.0,
        "proportion_beyond_threshold_mae": 0.0,
        "eval_time": 0.0,
        "total_invalid_preds": 0.0,
        "invalid_predictions_percentage": 0.0,
        "total_batches": 0.0,
        "total_timesteps": 0.0
    },
    "openx_mobile_manipulation": {
        "action_success_rate": 0.0,
        "total_dataset_amse": 564.3850574012124,
        "total_dataset_amae": 1650.7957321160932,
        "num_timesteps": 17808,
        "avg_dataset_amse": 0.03169278174984346,
        "avg_dataset_amae": 0.09269967049169343,
        "normalized_amse": 0.0590507810903202,
        "normalized_amae": 0.17880448990489725,
        "normalized_quantile_filtered_amae": 0.21564382512415362,
        "max_relative_mae": 5.385524708377189,
        "proportion_beyond_threshold_mae": 0.0042115902964959566,
        "eval_time": 8397.772655893,
        "total_invalid_preds": 0,
        "invalid_predictions_percentage": 0.0,
        "total_batches": 1781,
        "total_timesteps": 17808
    },
    "openx_single_arm": {
        "action_success_rate": 0.0,
        "total_dataset_amse": 297.62737585976015,
        "total_dataset_amae": 660.6887677132557,
        "num_timesteps": 13537,
        "avg_dataset_amse": 0.021986213774082896,
        "avg_dataset_amae": 0.04880614373297294,
        "normalized_amse": 0.12113519517666359,
        "normalized_amae": 0.1685502466471458,
        "normalized_quantile_filtered_amae": 0.2520141132739428,
        "max_relative_mae": 11.578716069305317,
        "proportion_beyond_threshold_mae": 0.38760434365073504,
        "eval_time": 10125.736583397,
        "total_invalid_preds": 0,
        "invalid_predictions_percentage": 0.0,
        "total_batches": 1354,
        "total_timesteps": 13537
    },
    "openx_wheeled_robot": {
        "action_success_rate": 0.0,
        "total_dataset_amse": 86.04723040992351,
        "total_dataset_amae": 534.587712326108,
        "num_timesteps": 24507,
        "avg_dataset_amse": 0.0035111286738451672,
        "avg_dataset_amae": 0.02181367414722762,
        "normalized_amse": 0.08214966698534665,
        "normalized_amae": 0.22912671140986218,
        "normalized_quantile_filtered_amae": 0.25891730388680934,
        "max_relative_mae": 5.148183307673763,
        "proportion_beyond_threshold_mae": 0.02631901089484637,
        "eval_time": 11481.435850536996,
        "total_invalid_preds": 0,
        "invalid_predictions_percentage": 0.0,
        "total_batches": 2451,
        "total_timesteps": 24507
    }
}