{
    "openx_single_arm": {
        "action_success_rate": 0.0,
        "total_dataset_amse": 297.62737585976015,
        "total_dataset_amae": 660.6887677132557,
        "num_timesteps": 13537,
        "avg_dataset_amse": 0.021986213774082896,
        "avg_dataset_amae": 0.04880614373297294,
        "normalized_amse": 0.12113519517666359,
        "normalized_amae": 0.1685502466471458,
        "normalized_quantile_filtered_amae": 0.2520141132739428,
        "max_relative_mae": 11.578716069305317,
        "proportion_beyond_threshold_mae": 0.38760434365073504,
        "eval_time": 10125.736583397,
        "total_invalid_preds": 0,
        "invalid_predictions_percentage": 0.0,
        "total_batches": 1354,
        "total_timesteps": 13537
    }
}