{
    "exact_match_rate_without_invalids": 0.2909090909090909,
    "exact_match_rate_with_invalids": 0.20512820512820512,
    "recall": 0.20512820512820512,
    "precision": 0.20512820512820512,
    "precision_without_invalids": 0.2909090909090909,
    "f1": 0.20512820512820512,
    "f1_without_invalids": 0.24060150375939848,
    "macro_precision": 0.33303571428571427,
    "macro_recall": 0.33599999999999997,
    "macro_f1": 0.2053002070393375,
    "class_precisions": {
        "0": 0.09375,
        "1": 1.0,
        "2": 0.5714285714285714,
        "3": 0.0,
        "4": 0.0
    },
    "class_recalls": {
        "0": 1.0,
        "1": 0.2,
        "2": 0.48,
        "3": 0.0,
        "4": 0.0
    },
    "class_f1s": {
        "0": 0.17142857142857143,
        "1": 0.33333333333333337,
        "2": 0.5217391304347826,
        "3": 0.0,
        "4": 0.0
    },
    "total_predictions": 78,
    "invalid_predictions": 23,
    "percentage_invalids": 29.48717948717949,
    "preds": [
        -1,
        0,
        0,
        0,
        0,
        -1,
        -1,
        0,
        -1,
        0,
        2,
        0,
        2,
        0,
        -1,
        2,
        -1,
        2,
        0,
        0,
        0,
        -1,
        -1,
        2,
        0,
        0,
        0,
        0,
        -1,
        0,
        0,
        0,
        0,
        2,
        0,
        0,
        -1,
        -1,
        2,
        -1,
        -1,
        2,
        2,
        -1,
        3,
        2,
        2,
        -1,
        2,
        -1,
        -1,
        -1,
        -1,
        2,
        2,
        0,
        0,
        0,
        0,
        0,
        0,
        0,
        2,
        0,
        -1,
        2,
        2,
        2,
        -1,
        0,
        0,
        1,
        0,
        2,
        2,
        2,
        -1,
        -1
    ],
    "gt_labels": [
        1,
        1,
        1,
        3,
        3,
        4,
        4,
        2,
        2,
        2,
        2,
        0,
        2,
        2,
        2,
        2,
        2,
        4,
        4,
        4,
        4,
        4,
        4,
        4,
        3,
        3,
        3,
        3,
        3,
        3,
        4,
        3,
        3,
        2,
        3,
        3,
        4,
        4,
        4,
        2,
        2,
        2,
        4,
        2,
        2,
        2,
        2,
        2,
        4,
        4,
        4,
        4,
        4,
        4,
        4,
        3,
        3,
        3,
        2,
        0,
        4,
        0,
        2,
        3,
        4,
        2,
        2,
        4,
        4,
        2,
        4,
        1,
        3,
        2,
        1,
        2,
        4,
        4
    ],
    "eval_time": 30.457669973373413,
    "all_outs": [
        "No object found.",
        "0",
        "Output: 0",
        "Output: 0",
        "Output: 0",
        "No object found.",
        "No object found.",
        "Output: 0",
        "No objects found.",
        "Option 0",
        "Option 2: dock",
        "Output: 0",
        "The correct option is 2.",
        "Option 0",
        "No objects found.",
        "Option 2: dock",
        "No objects found.",
        "Output: 2",
        "Output: 0",
        "Output: 0",
        "Output: 0",
        "No object found.",
        "No object found.",
        "Option 2: dock",
        "Output: 0",
        "Output: 0",
        "Output: 0",
        "Output: 0",
        "No object found.",
        "0",
        "Output: 0",
        "Output: 0",
        "0",
        "Option 2: dock",
        "Output: 0",
        "Output: 0",
        "No object found.",
        "No object found.",
        "Output: 2",
        "No object found.",
        "No object found.",
        "Output: 2",
        "Output: 2",
        "No object found.",
        "Option 3: jetski",
        "Option 2: dock",
        "Output: 2",
        "No objects found.",
        "Option 2: dock",
        "No object found.",
        "No object found.",
        "No object found.",
        "No object found.",
        "Output: 2",
        "Output: 2",
        "Output: 0",
        "0",
        "0",
        "0",
        "Output: 0",
        "Output: 0",
        "Output: 0",
        "Option 2: dock",
        "Output: 0",
        "No object found.",
        "Option 2: dock",
        "Output: 2",
        "Output: 2",
        "No object found.",
        "Output: 0",
        "Output: 0",
        "Output: 1",
        "0",
        "Option 2: dock",
        "Option 2: dock",
        "Output: 2",
        "No object found.",
        "No object found."
    ]
}