{
    "exact_match_rate_without_invalids": 0.04225352112676056,
    "exact_match_rate_with_invalids": 0.041666666666666664,
    "recall": 0.041666666666666664,
    "precision": 0.041666666666666664,
    "precision_without_invalids": 0.04225352112676056,
    "f1": 0.041666666666666664,
    "f1_without_invalids": 0.04195804195804196,
    "macro_precision": 0.0016968325791855204,
    "macro_recall": 0.038461538461538464,
    "macro_f1": 0.0032502708559046588,
    "class_precisions": {
        "0": 0.0,
        "1": 0.04411764705882353,
        "2": 0.0,
        "3": 0.0,
        "4": 0.0,
        "5": 0.0,
        "6": 0.0,
        "7": 0.0,
        "8": 0.0,
        "9": 0.0,
        "10": 0.0,
        "11": 0.0,
        "12": 0.0,
        "13": 0.0,
        "14": 0.0,
        "15": 0.0,
        "16": 0.0,
        "17": 0.0,
        "18": 0.0,
        "19": 0.0,
        "20": 0.0,
        "21": 0.0,
        "22": 0.0,
        "23": 0.0,
        "24": 0.0,
        "25": 0.0
    },
    "class_recalls": {
        "0": 0.0,
        "1": 1.0,
        "2": 0.0,
        "3": 0.0,
        "4": 0.0,
        "5": 0.0,
        "6": 0.0,
        "7": 0.0,
        "8": 0.0,
        "9": 0.0,
        "10": 0.0,
        "11": 0.0,
        "12": 0.0,
        "13": 0.0,
        "14": 0.0,
        "15": 0.0,
        "16": 0.0,
        "17": 0.0,
        "18": 0.0,
        "19": 0.0,
        "20": 0.0,
        "21": 0.0,
        "22": 0.0,
        "23": 0.0,
        "24": 0.0,
        "25": 0.0
    },
    "class_f1s": {
        "0": 0.0,
        "1": 0.08450704225352113,
        "2": 0.0,
        "3": 0.0,
        "4": 0.0,
        "5": 0.0,
        "6": 0.0,
        "7": 0.0,
        "8": 0.0,
        "9": 0.0,
        "10": 0.0,
        "11": 0.0,
        "12": 0.0,
        "13": 0.0,
        "14": 0.0,
        "15": 0.0,
        "16": 0.0,
        "17": 0.0,
        "18": 0.0,
        "19": 0.0,
        "20": 0.0,
        "21": 0.0,
        "22": 0.0,
        "23": 0.0,
        "24": 0.0,
        "25": 0.0
    },
    "total_predictions": 72,
    "invalid_predictions": 1,
    "percentage_invalids": 1.3888888888888888,
    "preds": [
        1,
        1,
        1,
        1,
        0,
        1,
        1,
        1,
        1,
        1,
        1,
        1,
        1,
        1,
        1,
        1,
        1,
        1,
        1,
        1,
        1,
        1,
        1,
        1,
        1,
        0,
        1,
        1,
        1,
        1,
        1,
        1,
        1,
        1,
        1,
        1,
        1,
        1,
        1,
        1,
        1,
        1,
        1,
        1,
        1,
        1,
        1,
        0,
        1,
        -1,
        1,
        1,
        1,
        1,
        1,
        1,
        1,
        1,
        1,
        1,
        1,
        1,
        1,
        1,
        1,
        1,
        1,
        1,
        1,
        1,
        1,
        1
    ],
    "gt_labels": [
        6,
        19,
        25,
        18,
        21,
        1,
        18,
        16,
        10,
        9,
        17,
        23,
        22,
        23,
        20,
        21,
        19,
        25,
        25,
        13,
        17,
        18,
        23,
        14,
        7,
        22,
        2,
        20,
        10,
        5,
        22,
        15,
        1,
        9,
        8,
        19,
        14,
        24,
        19,
        16,
        3,
        8,
        14,
        24,
        12,
        13,
        13,
        21,
        19,
        22,
        22,
        6,
        2,
        5,
        2,
        10,
        7,
        9,
        9,
        2,
        6,
        6,
        6,
        1,
        23,
        0,
        12,
        12,
        21,
        10,
        7,
        25
    ],
    "eval_time": 36.90011692047119,
    "all_outs": [
        "Option 1: B",
        "Option 1: B",
        "Option 1: B",
        "Option 1: B",
        "Option 0",
        "Option 1: B",
        "Option 1: B",
        "Option 1: B",
        "Option 1: B",
        "Option 1: B",
        "Option 1: B",
        "Option 1 at [136,37].",
        "Option 1: B",
        "Option 1: B",
        "Option 1: B",
        "Option 1: B",
        "Option 1: B",
        "Option 1: B",
        "Option 1: B",
        "Option 1: B",
        "Option 1: B",
        "Option 1: B",
        "Option 1: B",
        "Option 1: B",
        "Option 1: B",
        "Option 0",
        "Option 1: B",
        "Option 1: B",
        "Option 1: B",
        "Option 1: B",
        "Option 1: B",
        "Option 1: B",
        "Option 1: B",
        "Option 1: B",
        "Option 1: B",
        "Option 1: B",
        "Option 1: B",
        "Option 1: B",
        "Option 1: B",
        "Option 1: B",
        "Option 1 at [119,37].",
        "Option 1: B",
        "Option 1: B",
        "Option 1: B",
        "Option 1: B",
        "Option 1: B",
        "Option 1: B",
        "Option 0",
        "Option 1: B",
        "Coordinate: (0.50, 0.15)",
        "Option 1: B",
        "Option 1: B",
        "Option 1: B",
        "Option 1: B",
        "Option 1: B",
        "Option 1: B",
        "Option 1: B",
        "Option 1: B",
        "Option 1: B",
        "Option 1: B",
        "Option 1: B",
        "Option 1: B",
        "Option 1: B",
        "Option 1: B",
        "Option 1: B",
        "Option 1: B",
        "Option 1: B",
        "Option 1: B",
        "Option 1: B",
        "Option 1: B",
        "Option 1 at [119,37].",
        "Option 1: B"
    ]
}