{
    "exact_match_rate_without_invalids": 0.1382488479262673,
    "exact_match_rate_with_invalids": 0.13333333333333333,
    "recall": 0.13333333333333333,
    "precision": 0.13333333333333333,
    "precision_without_invalids": 0.1382488479262673,
    "f1": 0.13333333333333333,
    "f1_without_invalids": 0.13574660633484162,
    "macro_precision": 0.06297465327594452,
    "macro_recall": 0.1533701839782196,
    "macro_f1": 0.08320631995671053,
    "class_precisions": {
        "0": 0.10569105691056911,
        "1": 0.21333333333333335,
        "2": 0.0,
        "3": 0.0,
        "4": 0.0,
        "5": 0.058823529411764705
    },
    "class_recalls": {
        "0": 0.38235294117647056,
        "1": 0.5161290322580645,
        "2": 0.0,
        "3": 0.0,
        "4": 0.0,
        "5": 0.021739130434782608
    },
    "class_f1s": {
        "0": 0.1656050955414013,
        "1": 0.3018867924528302,
        "2": 0.0,
        "3": 0.0,
        "4": 0.0,
        "5": 0.031746031746031744
    },
    "total_predictions": 225,
    "invalid_predictions": 8,
    "percentage_invalids": 3.5555555555555554,
    "preds": [
        1,
        1,
        0,
        1,
        0,
        0,
        0,
        5,
        0,
        1,
        0,
        1,
        0,
        0,
        1,
        1,
        0,
        0,
        5,
        0,
        1,
        0,
        1,
        0,
        0,
        5,
        5,
        0,
        1,
        0,
        0,
        5,
        0,
        1,
        0,
        0,
        0,
        1,
        5,
        5,
        0,
        1,
        0,
        1,
        0,
        5,
        0,
        1,
        5,
        0,
        1,
        0,
        -1,
        0,
        0,
        0,
        1,
        0,
        1,
        0,
        0,
        1,
        0,
        0,
        0,
        1,
        0,
        -1,
        1,
        0,
        1,
        1,
        0,
        0,
        1,
        0,
        0,
        0,
        0,
        1,
        -1,
        0,
        0,
        0,
        1,
        0,
        1,
        1,
        0,
        0,
        0,
        0,
        0,
        0,
        0,
        0,
        0,
        0,
        1,
        0,
        1,
        5,
        1,
        -1,
        0,
        0,
        1,
        1,
        0,
        5,
        0,
        1,
        1,
        5,
        0,
        0,
        1,
        0,
        0,
        1,
        1,
        0,
        5,
        1,
        1,
        -1,
        0,
        1,
        0,
        0,
        5,
        0,
        1,
        0,
        0,
        1,
        0,
        0,
        1,
        0,
        0,
        0,
        0,
        1,
        0,
        0,
        0,
        1,
        0,
        5,
        0,
        1,
        1,
        5,
        1,
        0,
        1,
        0,
        0,
        0,
        0,
        0,
        0,
        0,
        0,
        3,
        0,
        1,
        1,
        1,
        1,
        0,
        1,
        0,
        1,
        0,
        0,
        0,
        -1,
        0,
        1,
        0,
        0,
        1,
        1,
        1,
        0,
        0,
        1,
        3,
        0,
        0,
        1,
        1,
        -1,
        1,
        0,
        1,
        1,
        0,
        0,
        0,
        1,
        0,
        0,
        1,
        0,
        1,
        1,
        0,
        1,
        1,
        0,
        -1,
        1,
        0,
        0,
        0,
        1,
        0,
        5,
        0,
        0,
        1,
        0
    ],
    "gt_labels": [
        2,
        5,
        5,
        0,
        3,
        0,
        4,
        3,
        0,
        0,
        2,
        1,
        0,
        5,
        4,
        1,
        3,
        5,
        0,
        5,
        5,
        0,
        0,
        3,
        4,
        4,
        3,
        2,
        0,
        2,
        3,
        2,
        5,
        3,
        0,
        2,
        5,
        5,
        3,
        1,
        2,
        1,
        3,
        2,
        3,
        4,
        2,
        2,
        3,
        0,
        4,
        5,
        3,
        1,
        1,
        2,
        3,
        1,
        1,
        3,
        5,
        4,
        5,
        4,
        2,
        3,
        3,
        4,
        1,
        4,
        5,
        4,
        5,
        5,
        2,
        2,
        5,
        4,
        1,
        0,
        0,
        1,
        4,
        5,
        0,
        5,
        5,
        2,
        2,
        0,
        5,
        2,
        2,
        2,
        5,
        1,
        1,
        5,
        0,
        3,
        2,
        5,
        3,
        3,
        5,
        3,
        2,
        5,
        1,
        3,
        2,
        2,
        0,
        3,
        2,
        2,
        1,
        3,
        5,
        1,
        4,
        3,
        3,
        0,
        0,
        5,
        3,
        0,
        2,
        3,
        3,
        1,
        2,
        5,
        0,
        5,
        0,
        3,
        5,
        3,
        2,
        0,
        5,
        2,
        2,
        2,
        2,
        2,
        1,
        3,
        1,
        0,
        0,
        4,
        1,
        3,
        2,
        5,
        5,
        5,
        2,
        5,
        2,
        3,
        1,
        2,
        2,
        2,
        1,
        4,
        1,
        3,
        0,
        5,
        2,
        2,
        0,
        3,
        2,
        1,
        1,
        3,
        3,
        0,
        0,
        4,
        5,
        3,
        1,
        2,
        0,
        2,
        5,
        2,
        3,
        0,
        5,
        1,
        1,
        5,
        2,
        2,
        2,
        2,
        5,
        5,
        0,
        5,
        0,
        5,
        2,
        3,
        3,
        0,
        1,
        4,
        5,
        3,
        5,
        2,
        3,
        2,
        3,
        1,
        1
    ],
    "eval_time": 84.73601031303406,