{
    "exact_match_rate_without_invalids": 0.7478260869565218,
    "exact_match_rate_with_invalids": 0.7413793103448276,
    "recall": 0.7413793103448276,
    "precision": 0.7413793103448276,
    "precision_without_invalids": 0.7478260869565218,
    "f1": 0.7413793103448276,
    "f1_without_invalids": 0.7445887445887446,
    "macro_precision": 0.7296822177146721,
    "macro_recall": 0.7140676716228499,
    "macro_f1": 0.6763106737136262,
    "class_precisions": {
        "0": 0.4,
        "1": 0.8235294117647058,
        "2": 0.9655172413793104
    },
    "class_recalls": {
        "0": 0.8421052631578947,
        "1": 0.45161290322580644,
        "2": 0.8484848484848485
    },
    "class_f1s": {
        "0": 0.5423728813559322,
        "1": 0.5833333333333333,
        "2": 0.9032258064516129
    },
    "total_predictions": 116,
    "invalid_predictions": 1,
    "percentage_invalids": 0.8620689655172413,
    "preds": [
        0,
        0,
        1,
        0,
        2,
        2,
        0,
        1,
        1,
        1,
        1,
        1,
        1,
        0,
        1,
        2,
        2,
        2,
        2,
        0,
        2,
        2,
        2,
        2,
        2,
        2,
        2,
        2,
        0,
        0,
        2,
        1,
        0,
        0,
        2,
        2,
        2,
        1,
        0,
        2,
        2,
        2,
        2,
        0,
        0,
        2,
        1,
        2,
        2,
        0,
        0,
        2,
        2,
        0,
        2,
        2,
        1,
        0,
        0,
        0,
        2,
        2,
        2,
        0,
        1,
        0,
        0,
        0,
        2,
        2,
        0,
        2,
        -1,
        0,
        0,
        0,
        2,
        2,
        2,
        2,
        2,
        0,
        2,
        0,
        2,
        0,
        0,
        0,
        2,
        2,
        2,
        2,
        1,
        1,
        2,
        1,
        0,
        0,
        2,
        2,
        2,
        2,
        2,
        2,
        2,
        2,
        2,
        0,
        2,
        0,
        0,
        0,
        1,
        0,
        0,
        2
    ],
    "gt_labels": [
        1,
        0,
        0,
        0,
        2,
        2,
        1,
        1,
        1,
        1,
        1,
        1,
        1,
        0,
        1,
        2,
        2,
        2,
        2,
        0,
        2,
        2,
        2,
        2,
        2,
        2,
        2,
        2,
        0,
        1,
        1,
        1,
        0,
        0,
        2,
        2,
        2,
        0,
        2,
        2,
        2,
        2,
        2,
        0,
        0,
        2,
        1,
        2,
        2,
        0,
        1,
        2,
        2,
        2,
        2,
        2,
        1,
        1,
        0,
        1,
        2,
        2,
        2,
        0,
        0,
        1,
        1,
        1,
        2,
        2,
        0,
        2,
        2,
        2,
        2,
        2,
        2,
        2,
        2,
        2,
        2,
        2,
        2,
        2,
        2,
        1,
        0,
        2,
        2,
        2,
        2,
        2,
        1,
        1,
        1,
        1,
        0,
        1,
        2,
        2,
        2,
        2,
        2,
        2,
        2,
        2,
        2,
        2,
        2,
        0,
        1,
        1,
        1,
        1,
        1,
        2
    ],
    "eval_time": 51.86733603477478,
    "all_outs": [
        "Output: 0",
        "Option 0",
        "Output: 1",
        "Output: 0",
        "Output: 2",
        "Output: 2",
        "Output: 0",
        "Output: 1",
        "1",
        "Output: 1",
        "Output: 1",
        "Output: 1",
        "Output: 1",
        "Output: 0",
        "Output: 1",
        "Output: 2",
        "Output: 2",
        "Output: 2",
        "Output: 2",
        "Output: 0",
        "Output: 2",
        "Output: 2",
        "Output: 2",
        "Output: 2",
        "Output: 2",
        "2",
        "2",
        "2",
        "0",
        "Option 0",
        "2",
        "1",
        "Output: 0",
        "0",
        "Output: 2",
        "Output: 2",
        "Output: 2",
        "Output: 1",
        "Output: 0",
        "Output: 2",
        "Output: 2",
        "Output: 2",
        "Output: 2",
        "Option 0",
        "Output: 0",
        "Output: 2",
        "Output: 1",
        "Output: 2",
        "Output: 2",
        "Option 0",
        "Output: 0",
        "Output: 2",
        "2",
        "Output: 0",
        "Output: 2",
        "Output: 2",
        "Output: 1",
        "Output: 0",
        "0",
        "Output: 0",
        "Output: 2",
        "Output: 2",
        "2",
        "Output: 0",
        "Output: 1",
        "Output: 0",
        "Output: 0",
        "Output: 0",
        "Output: 2",
        "Output: 2",
        "0",
        "Output: 2",
        "No objects found.",
        "Output: 0",
        "Output: 0",
        "Output: 0",
        "Output: 2",
        "Output: 2",
        "Output: 2",
        "Output: 2",
        "Output: 2",
        "Output: 0",
        "Output: 2",
        "Output: 0",
        "Output: 2",
        "Output: 0",
        "Output: 0",
        "Output: 0",
        "Output: 2",
        "Output: 2",
        "Output: 2",
        "Output: 2",
        "Output: 1",
        "Output: 1",
        "Output: 2",
        "Output: 1",
        "0",
        "Output: 0",
        "Output: 2",
        "Output: 2",
        "Output: 2",
        "Output: 2",
        "Output: 2",
        "Output: 2",
        "Output: 2",
        "Output: 2",
        "Output: 2",
        "Output: 0",
        "Output: 2",
        "0",
        "Output: 0",
        "Output: 0",
        "Output: 1",
        "Output: 0",
        "Output: 0",
        "Output: 2"
    ]
}