{
    "exact_match_rate_without_invalids": 0.7407407407407407,
    "exact_match_rate_with_invalids": 0.6451612903225806,
    "recall": 0.6451612903225806,
    "precision": 0.6451612903225806,
    "precision_without_invalids": 0.7407407407407407,
    "f1": 0.6451612903225806,
    "f1_without_invalids": 0.689655172413793,
    "macro_precision": 0.38461538461538464,
    "macro_recall": 0.43478260869565216,
    "macro_f1": 0.40816326530612246,
    "class_precisions": {
        "0": 0.7692307692307693,
        "1": 0.0
    },
    "class_recalls": {
        "0": 0.8695652173913043,
        "1": 0.0
    },
    "class_f1s": {
        "0": 0.8163265306122449,
        "1": 0.0
    },
    "total_predictions": 31,
    "invalid_predictions": 4,
    "percentage_invalids": 12.903225806451612,
    "preds": [
        0,
        0,
        0,
        0,
        0,
        0,
        0,
        0,
        0,
        0,
        0,
        0,
        1,
        0,
        0,
        0,
        0,
        0,
        0,
        0,
        -1,
        0,
        -1,
        0,
        -1,
        0,
        0,
        -1,
        0,
        0,
        0
    ],
    "gt_labels": [
        0,
        0,
        0,
        0,
        0,
        0,
        0,
        0,
        0,
        0,
        0,
        0,
        0,
        0,
        0,
        0,
        1,
        1,
        0,
        1,
        1,
        1,
        0,
        1,
        1,
        1,
        0,
        0,
        0,
        0,
        0
    ],
    "eval_time": 5.6880409717559814,
    "all_outs": [
        "0",
        "0",
        "0",
        "0",
        "0",
        "0",
        "0",
        "0",
        "0",
        "0",
        "0",
        "0",
        "1",
        "0",
        "0",
        "0",
        "0",
        "0",
        "0",
        "0",
        "No object found.",
        "0",
        "No object found.",
        "0",
        "No object found.",
        "0",
        "0",
        "No object found.",
        "0",
        "0",
        "0"
    ]
}