{
    "exact_match_rate_without_invalids": 0.6666666666666666,
    "exact_match_rate_with_invalids": 0.6666666666666666,
    "recall": 0.6666666666666666,
    "precision": 0.6666666666666666,
    "precision_without_invalids": 0.6666666666666666,
    "f1": 0.6666666666666666,
    "f1_without_invalids": 0.6666666666666666,
    "macro_precision": 0.6903409090909092,
    "macro_recall": 0.6903409090909092,
    "macro_f1": 0.6666666666666666,
    "class_precisions": {
        "0": 0.5625,
        "1": 0.8181818181818182
    },
    "class_recalls": {
        "0": 0.8181818181818182,
        "1": 0.5625
    },
    "class_f1s": {
        "0": 0.6666666666666666,
        "1": 0.6666666666666666
    },
    "total_predictions": 27,
    "invalid_predictions": 0,
    "percentage_invalids": 0.0,
    "preds": [
        0,
        1,
        1,
        1,
        0,
        1,
        0,
        0,
        0,
        0,
        1,
        1,
        0,
        0,
        0,
        1,
        0,
        0,
        0,
        0,
        0,
        1,
        0,
        1,
        1,
        1,
        0
    ],
    "gt_labels": [
        1,
        1,
        0,
        1,
        0,
        1,
        0,
        1,
        0,
        1,
        1,
        1,
        0,
        0,
        0,
        0,
        1,
        1,
        1,
        1,
        0,
        1,
        0,
        1,
        1,
        1,
        0
    ],
    "eval_time": 5.937520742416382,
    "all_outs": [
        "0",
        "1",
        "1",
        "1",
        "Output: 0",
        "1",
        "Output: 0",
        "0",
        "Output: 0",
        "0",
        "1",
        "1",
        "Output: 0",
        "0",
        "Output: 0",
        "Output: 1",
        "0",
        "0",
        "0",
        "0",
        "0",
        "1",
        "Output: 0",
        "1",
        "1",
        "Output: 1",
        "0"
    ]
}