{
    "exact_match_rate_without_invalids": 0.9107142857142857,
    "exact_match_rate_with_invalids": 0.7906976744186046,
    "recall": 0.7906976744186046,
    "precision": 0.7906976744186046,
    "precision_without_invalids": 0.9107142857142857,
    "f1": 0.7906976744186046,
    "f1_without_invalids": 0.846473029045643,
    "macro_precision": 0.8628070175438596,
    "macro_recall": 0.9004736842105263,
    "macro_f1": 0.8638417892237926,
    "class_precisions": {
        "0": 0.6,
        "1": 0.9473684210526315,
        "2": 1.0,
        "3": 0.9333333333333333,
        "4": 0.8333333333333334
    },
    "class_recalls": {
        "0": 1.0,
        "1": 0.9473684210526315,
        "2": 0.68,
        "3": 0.875,
        "4": 1.0
    },
    "class_f1s": {
        "0": 0.7499999999999999,
        "1": 0.9473684210526315,
        "2": 0.8095238095238095,
        "3": 0.9032258064516129,
        "4": 0.9090909090909091
    },
    "total_predictions": 258,
    "invalid_predictions": 34,
    "percentage_invalids": 13.178294573643413,
    "preds": [
        4,
        4,
        4,
        0,
        2,
        2,
        2,
        1,
        1,
        1,
        0,
        4,
        2,
        2,
        2,
        4,
        0,
        0,
        1,
        1,
        1,
        2,
        2,
        1,
        1,
        0,
        0,
        2,
        2,
        2,
        4,
        2,
        2,
        4,
        4,
        4,
        4,
        -1,
        2,
        2,
        1,
        1,
        3,
        4,
        4,
        0,
        2,
        2,
        2,
        -1,
        -1,
        -1,
        2,
        0,
        1,
        1,
        1,
        0,
        0,
        2,
        -1,
        2,
        2,
        -1,
        -1,
        2,
        2,
        -1,
        2,
        1,
        1,
        0,
        2,
        4,
        4,
        4,
        2,
        1,
        2,
        0,
        1,
        0,
        2,
        -1,
        1,
        -1,
        0,
        -1,
        0,
        3,
        3,
        -1,
        3,
        3,
        3,
        3,
        3,
        3,
        3,
        2,
        -1,
        2,
        2,
        2,
        1,
        1,
        4,
        4,
        2,
        1,
        0,
        1,
        1,
        1,
        2,
        2,
        4,
        3,
        3,
        1,
        1,
        1,
        3,
        -1,
        2,
        2,
        2,
        2,
        -1,
        -1,
        -1,
        2,
        2,
        1,
        1,
        1,
        3,
        2,
        2,
        0,
        -1,
        0,
        2,
        2,
        -1,
        2,
        2,
        2,
        2,
        -1,
        3,
        3,
        3,
        2,
        -1,
        2,
        2,
        2,
        2,
        -1,
        4,
        0,
        2,
        2,
        2,
        2,
        2,
        2,
        2,
        2,
        2,
        2,
        2,
        2,
        2,
        2,
        2,
        2,
        2,
        2,
        0,
        1,
        1,
        3,
        3,
        2,
        0,
        2,
        2,
        -1,
        3,
        3,
        3,
        3,
        3,
        3,
        3,
        2,
        3,
        -1,
        4,
        2,
        2,
        2,
        3,
        0,
        0,
        2,
        -1,
        2,
        -1,
        1,
        2,
        2,
        0,
        2,
        2,
        2,
        2,
        -1,
        2,
        2,
        -1,
        -1,
        2,
        4,
        2,
        1,
        1,
        2,
        2,
        2,
        1,
        2,
        -1,
        1,
        -1,
        -1,
        2,
        0,
        3,
        0,
        0,
        1,
        2,
        0,
        0,
        4,
        3,
        2,
        -1,
        2,
        -1,
        4,
        4,
        0,
        2,
        2
    ],
    "gt_labels": [
        4,
        4,
        2,
        2,
        2,
        2,
        2,
        1,
        1,
        1,
        0,
        4,
        2,
        2,
        2,
        4,
        2,
        1,
        1,
        1,
        1,
        2,
        2,
        1,
        1,
        2,
        0,
        2,
        2,
        2,
        2,
        2,
        2,
        4,
        4,
        4,
        4,
        2,
        2,
        2,
        1,
        1,
        3,
        4,
        4,
        0,
        2,
        2,
        2,
        2,
        2,
        2,
        2,
        0,
        1,
        1,
        1,
        0,
        0,
        2,
        2,
        2,
        2,
        2,
        2,
        2,
        2,
        2,
        2,
        1,
        1,
        0,
        2,
        4,
        4,
        4,
        2,
        1,
        2,
        0,
        1,
        0,
        2,
        2,
        2,
        2,
        0,
        2,
        0,
        3,
        3,
        3,
        3,
        3,
        3,
        3,
        3,
        3,
        3,
        2,
        2,
        2,
        2,
        2,
        1,
        1,
        4,
        4,
        2,
        1,
        1,
        1,
        1,
        1,
        2,
        2,
        2,
        3,
        3,
        1,
        1,
        1,
        3,
        3,
        2,
        2,
        2,
        2,
        2,
        2,
        2,
        2,
        2,
        1,
        1,
        1,
        3,
        2,
        2,
        0,
        2,
        2,
        2,
        2,
        2,
        2,
        2,
        2,
        2,
        2,
        3,
        3,
        3,
        2,
        2,
        2,
        2,
        2,
        2,
        2,
        2,
        2,
        2,
        2,
        2,
        2,
        2,
        2,
        2,
        2,
        2,
        2,
        2,
        2,
        2,
        2,
        2,
        2,
        2,
        2,
        0,
        1,
        1,
        3,
        3,
        2,
        2,
        2,
        2,
        3,
        3,
        3,
        3,
        3,
        3,
        3,
        3,
        2,
        3,
        3,
        4,
        2,
        2,
        2,
        2,
        2,
        2,
        2,
        2,
        2,
        2,
        1,
        2,
        2,
        0,
        2,
        2,
        2,
        2,
        2,
        2,
        2,
        2,
        2,
        2,
        4,
        2,
        1,
        1,
        2,
        2,
        2,
        1,
        2,
        2,
        2,
        2,
        2,
        2,
        0,
        2,
        2,
        2,
        1,
        2,
        0,
        0,
        4,
        3,
        2,
        2,
        2,
        2,
        4,
        4,
        0,
        2,
        2
    ],
    "eval_time": 102.81830906867981,